,Team,Conference,AdjTempo,AdjTempo.Rank,AdjOE,AdjOE.Rank,Off-eFG%,Off-eFG%.Rank,Off-TO%,Off-TO%.Rank,Off-OR%,Off-OR%.Rank,Off-FTRate,Off-FTRate.Rank,AdjDE,AdjDE.Rank,Def-eFG%,Def-eFG%.Rank,Def-TO%,Def-TO%.Rank,Def-OR%,Def-OR%.Rank,Def-FTRate,Def-FTRate.Rank
0,Auburn,SEC,68.0,130,130.7,1,56.2,21,13.4,7,36.2,25,31.4,231,94.7,17,45.2,11,17.6,170,29.7,173,36.8,265
1,Alabama,SEC,74.0,2,127.0,2,56.5,14,17.7,210,37.0,16,41.7,19,98.0,39,46.1,22,13.7,347,30.0,187,30.9,128
2,Kentucky,SEC,70.4,34,126.5,3,56.7,11,14.3,19,29.4,204,33.5,160,102.3,82,48.8,89,13.4,350,26.4,38,30.8,123
3,Florida,SEC,69.0,82,125.6,4,54.0,59,15.6,59,38.8,6,31.6,226,93.2,8,44.0,3,17.9,147,29.2,145,29.4,88
4,Duke,ACC,65.1,284,125.6,5,56.6,13,15.2,37,34.3,52,32.5,185,90.0,4,44.3,5,18.2,117,26.2,33,25.3,19
5,Houston,B12,60.7,360,124.3,6,52.9,83,14.3,17,38.7,7,26.9,335,89.9,3,45.2,10,22.6,10,28.5,109,35.1,233
6,Gonzaga,WCC,69.9,49,124.1,7,55.6,29,13.6,8,33.6,67,31.9,217,98.4,44,47.7,56,18.1,128,26.1,30,29.3,86
7,Purdue,B10,65.4,267,123.8,8,56.3,19,16.0,86,31.4,147,36.5,82,96.5,31,50.4,153,19.4,74,30.2,203,29.0,81
8,Wisconsin,B10,67.1,180,123.3,9,54.8,47,14.6,26,28.4,232,35.1,125,97.6,37,47.6,53,15.2,310,26.9,50,28.2,68
9,Baylor,B12,64.7,303,123.1,10,53.3,73,16.4,107,36.1,26,30.3,266,101.4,72,52.4,255,19.6,64,31.2,245,33.5,195
10,Texas Tech,B12,65.3,272,122.9,11,55.7,25,15.8,69,35.8,28,29.1,296,96.3,29,47.1,40,19.0,85,29.4,156,33.5,194
11,Connecticut,BE,64.0,329,122.2,12,56.4,16,16.6,122,33.5,72,30.7,257,103.2,98,48.3,77,16.3,247,27.3,62,41.9,344
12,Missouri,SEC,67.4,169,121.9,13,55.8,24,15.6,61,32.7,94,48.9,2,98.9,46,48.8,88,21.1,29,31.4,256,32.2,160
13,Illinois,B10,71.8,14,121.4,14,52.5,95,16.2,97,37.1,15,35.8,98,96.3,30,44.7,8,13.0,358,24.9,9,27.2,43
14,BYU,B12,66.7,203,120.3,15,56.9,8,17.6,205,33.4,76,29.2,293,101.9,78,50.8,181,17.8,152,24.5,7,29.6,91
15,Villanova,BE,63.1,346,120.2,16,55.7,26,15.8,72,32.1,124,26.6,342,105.1,130,50.5,160,16.2,256,27.9,78,31.9,154
16,Arizona,B12,70.3,38,120.1,17,52.9,82,16.6,129,36.5,23,35.4,114,94.5,13,47.0,38,17.9,144,27.6,67,28.2,67
17,Iowa St.,B12,68.5,109,119.8,18,54.1,56,15.8,67,33.7,63,38.3,49,92.5,7,47.8,58,21.8,19,28.0,84,26.5,30
18,Clemson,ACC,63.6,341,119.5,19,54.5,54,15.9,79,33.7,62,28.4,312,97.7,38,49.6,113,19.9,58,30.3,206,27.0,39
19,Maryland,B10,69.5,62,119.3,20,54.6,50,14.7,30,32.4,112,32.5,184,95.4,21,47.3,44,20.6,39,27.1,54,27.9,61
20,Utah St.,MWC,68.4,114,119.2,21,56.3,17,16.2,98,33.8,60,38.2,51,104.0,108,51.5,206,20.7,34,29.7,167,32.9,178
21,Oklahoma,SEC,67.5,159,119.0,22,55.5,30,17.8,219,27.4,258,37.2,64,101.2,69,49.8,125,19.6,65,32.9,307,32.9,180
22,Mississippi St.,SEC,66.9,191,119.0,23,52.5,97,15.2,40,35.0,36,31.2,236,99.7,49,51.1,188,19.5,67,29.8,175,34.0,205
23,Michigan,B10,69.8,53,118.9,24,57.0,7,20.3,330,33.6,68,36.7,76,95.2,18,46.5,28,17.3,189,29.6,164,27.7,57
24,Louisville,ACC,68.4,112,118.6,25,52.3,106,15.8,73,33.8,59,34.2,148,97.4,35,50.4,156,19.0,88,25.9,26,26.8,37
25,High Point,BSth,66.3,216,118.4,26,56.5,15,15.9,83,33.4,77,41.3,20,111.6,258,49.3,103,15.6,294,30.8,225,37.0,272
26,Pittsburgh,ACC,66.2,221,118.3,27,53.0,80,14.5,23,28.2,242,33.9,154,102.6,84,51.0,186,18.0,134,29.9,182,31.2,136
27,Mississippi,SEC,67.6,150,118.1,28,52.0,123,12.5,1,25.6,305,35.1,123,94.5,14,48.4,80,21.7,20,30.1,194,37.2,275
28,Michigan St.,B10,68.0,134,118.1,29,51.3,155,17.4,188,36.9,18,39.6,34,94.5,12,45.8,18,16.2,254,25.7,18,32.4,168
29,Marquette,BE,67.5,161,118.0,30,51.3,154,12.9,3,30.8,165,26.9,336,95.4,22,50.7,172,23.2,6,30.8,230,30.1,103
30,Iowa,B10,70.8,26,118.0,31,57.6,4,14.0,11,24.7,322,27.8,323,106.1,154,53.9,309,19.4,71,32.7,299,26.7,34
31,SMU,ACC,69.1,77,117.8,32,55.2,41,16.6,124,37.1,14,36.3,91,100.6,64,46.6,30,17.6,172,30.8,228,31.1,132
32,Ohio St.,B10,67.1,186,117.8,33,54.1,57,15.4,50,28.4,231,34.6,139,96.6,32,46.7,33,16.6,229,28.9,131,40.8,336
33,Texas,SEC,66.6,206,117.7,34,53.6,63,14.0,12,30.0,186,35.6,107,99.8,51,48.3,75,17.6,176,29.2,149,33.8,201
34,Vanderbilt,SEC,69.6,61,117.5,35,52.4,104,14.4,21,32.5,103,32.0,215,101.6,74,52.3,249,21.4,26,29.9,185,35.9,248
35,Texas A&M,SEC,66.1,228,117.3,36,48.3,286,17.9,223,42.7,1,40.9,25,91.7,6,47.1,39,21.0,30,28.4,98,33.9,203
36,Oregon,B10,68.3,117,117.3,37,52.2,111,16.3,99,30.2,179,36.0,92,99.8,50,49.6,115,17.9,146,29.6,163,28.8,78
37,Saint Mary's,WCC,62.1,358,117.2,38,51.7,142,15.1,35,39.7,3,32.1,205,93.6,9,45.9,19,17.7,159,25.9,25,25.4,20
38,Tennessee,SEC,63.6,340,117.2,39,52.4,105,16.7,136,37.5,11,31.9,216,86.0,1,43.0,1,19.4,72,28.9,132,27.4,50
39,Kansas,B12,68.3,118,116.9,40,53.4,69,16.1,94,30.6,167,23.5,359,91.1,5,44.4,6,16.0,270,26.6,43,28.2,66
42,UCLA,B10,64.6,310,116.7,41,53.1,78,15.7,64,31.6,138,33.7,156,94.3,11,50.0,137,24.0,1,29.3,151,36.9,269
43,Boise St.,MWC,66.1,232,116.7,42,53.6,65,16.8,146,33.0,84,39.3,37,100.6,62,48.5,83,15.9,276,22.8,2,30.8,125
44,USC,B10,67.9,137,116.7,43,54.5,52,16.5,119,27.0,269,38.2,50,102.1,79,50.8,177,18.1,129,29.8,180,35.9,247
45,Yale,Ivy,68.1,125,116.6,44,55.4,35,16.1,93,35.5,29,33.3,165,103.7,103,48.9,90,16.2,252,25.2,11,31.6,145
46,North Dakota St.,Sum,64.6,311,116.6,45,58.7,2,15.9,81,27.0,268,32.4,192,113.2,300,51.3,198,10.3,364,28.4,101,26.6,31
47,UAB,Amer,69.1,75,116.4,46,51.4,149,14.6,25,38.5,9,32.0,213,111.9,264,51.4,203,15.4,299,29.0,138,30.0,100
48,Creighton,BE,67.9,139,116.3,47,56.1,22,18.3,239,25.1,312,30.0,277,96.3,28,45.7,16,12.2,360,27.2,59,16.7,1
49,Santa Clara,WCC,68.2,120,116.3,48,55.2,42,17.0,160,32.8,89,29.0,297,102.7,89,48.9,91,17.0,211,28.4,99,32.1,158
50,Butler,BE,66.9,193,116.2,49,53.3,71,17.1,167,28.4,233,41.1,23,105.1,129,48.3,76,11.5,362,28.6,111,22.3,5
51,UCF,B12,71.4,19,116.1,50,49.1,256,16.5,116,32.7,96,35.3,120,104.2,114,51.9,227,18.3,114,33.8,328,30.7,120
52,Oregon St.,WCC,63.8,336,116.1,51,55.2,40,17.1,165,31.1,153,37.9,54,104.3,115,50.1,143,17.3,188,27.0,53,31.4,142
53,North Carolina,ACC,71.0,24,116.0,52,52.7,90,15.2,41,27.8,254,34.3,147,100.0,57,49.6,116,15.3,306,27.8,76,30.2,107
54,Dayton,A10,65.3,270,115.9,53,53.2,75,15.8,74,29.2,213,37.5,59,105.3,137,50.8,180,18.2,123,28.7,115,28.1,64
55,Miami FL,ACC,67.0,187,115.7,54,53.1,77,15.5,56,28.2,243,28.5,308,116.9,342,57.2,359,14.9,323,30.3,210,27.6,54
56,St. Thomas,Sum,68.0,133,115.4,55,58.6,3,14.3,18,21.4,355,33.6,158,111.7,259,53.2,284,18.8,94,32.1,287,36.2,253
57,Belmont,MVC,70.6,31,115.4,56,55.6,28,15.8,76,28.4,235,26.1,346,112.1,267,54.9,336,17.7,162,29.3,150,26.1,27
58,Rutgers,B10,68.8,92,115.3,57,50.0,218,15.2,43,31.5,140,37.1,67,102.9,94,51.2,197,17.1,200,30.9,234,31.2,134
59,Memphis,Amer,70.1,45,115.2,58,55.4,34,19.9,321,32.6,98,40.6,28,98.7,45,49.1,97,20.2,49,34.6,341,32.8,176
60,Nebraska,B10,67.2,176,115.1,59,52.5,96,16.5,117,27.1,265,36.8,74,97.4,34,49.7,120,18.0,132,27.8,72,26.7,35
61,Cornell,Ivy,70.1,44,115.0,60,59.1,1,17.6,206,25.9,299,30.0,276,112.2,269,52.4,257,15.8,286,30.2,205,31.6,146
62,UC San Diego,BW,66.2,225,115.0,61,54.6,51,14.6,27,26.5,286,35.5,113,99.4,47,50.3,149,23.8,3,27.4,63,32.3,166
63,Northwestern,B10,64.3,322,114.8,62,50.3,206,14.2,16,30.9,161,31.2,237,100.8,66,51.0,187,19.9,57,29.7,169,36.8,267
64,Indiana,B10,68.1,123,114.7,63,51.6,147,17.3,180,32.1,125,34.2,149,99.7,48,49.7,119,15.9,280,28.9,130,29.2,84
65,Xavier,BE,68.1,124,114.6,64,52.8,89,16.8,139,26.7,282,37.7,56,100.0,53,49.5,111,17.3,193,27.0,51,29.8,94
66,Penn St.,B10,69.8,54,114.4,65,53.6,63,17.2,172,29.7,194,38.6,42,102.9,93,52.4,251,20.6,40,29.7,171,29.3,87
67,Stanford,ACC,66.9,196,114.3,66,51.2,163,15.8,66,32.4,106,32.6,182,104.9,125,50.3,148,17.3,186,26.4,39,37.2,277
68,VCU,A10,66.8,197,114.3,67,52.1,114,16.7,137,36.3,24,31.5,230,95.4,20,45.1,9,22.1,17,29.2,148,37.2,278
69,Florida Atlantic,Amer,69.7,55,114.2,68,54.2,55,16.1,92,29.8,193,31.8,219,108.1,192,50.7,175,17.5,182,31.4,259,33.2,187
70,New Mexico,MWC,72.7,4,114.0,69,51.3,156,15.4,55,31.7,134,37.0,69,95.8,24,48.0,66,20.1,51,25.7,20,35.1,235
71,Kansas St.,B12,67.2,174,114.0,70,52.8,85,17.7,212,29.9,191,28.7,305,99.9,52,49.4,104,18.5,105,31.8,274,27.3,46
72,Providence,BE,65.8,241,113.7,71,52.4,102,18.8,268,33.7,65,30.4,262,104.1,112,47.3,42,13.5,349,28.9,134,33.3,193
73,Notre Dame,ACC,64.3,321,113.6,72,52.8,88,16.7,134,31.3,149,28.9,304,105.0,126,50.5,161,15.4,301,25.9,28,29.9,98
74,Nevada,MWC,63.1,348,113.4,73,55.2,44,17.0,162,30.2,178,38.6,43,103.3,100,51.2,195,19.3,76,25.5,17,37.6,288
75,Akron,MAC,71.7,15,113.4,74,55.3,38,17.3,178,32.8,93,24.4,356,105.6,142,49.0,94,17.7,164,28.8,126,34.2,213
76,Chattanooga,SC,67.2,178,113.4,75,55.3,39,15.4,48,24.9,318,31.8,221,109.5,223,51.5,211,16.1,263,28.5,108,34.2,212
77,Illinois St.,MVC,64.5,312,113.3,76,56.9,9,15.6,60,24.9,317,30.9,248,110.9,243,53.9,310,16.3,245,24.6,8,30.4,110
78,Colorado St.,MWC,65.8,248,113.2,77,53.3,74,17.5,192,26.8,281,29.9,279,102.7,86,49.2,100,16.4,237,25.7,21,34.1,211
79,Georgia,SEC,66.3,220,113.2,78,52.0,125,19.3,301,36.8,19,39.6,33,95.9,25,46.2,23,19.1,81,31.6,268,28.3,69
80,Samford,SC,69.6,57,113.0,79,55.9,23,19.2,296,34.4,51,27.7,327,106.2,155,51.2,196,21.6,21,34.4,340,38.5,302
81,Purdue Fort Wayne,Horz,69.2,73,113.0,80,55.7,27,12.8,2,22.5,351,30.5,260,110.4,234,53.8,306,20.3,45,33.1,312,28.9,79
84,Davidson,A10,65.3,275,113.0,81,53.6,66,14.1,14,25.0,315,30.3,265,109.2,218,51.9,230,15.1,315,26.6,45,29.4,89
85,Arkansas,SEC,68.8,93,113.0,82,52.8,87,15.9,82,28.1,245,32.2,197,96.2,27,48.1,69,18.6,101,28.0,85,29.8,93
86,Drake,MVC,58.8,364,112.9,83,54.8,48,19.6,311,36.8,20,43.5,12,100.0,55,51.7,219,22.2,15,26.4,37,36.7,263
87,St. John's,BE,69.8,52,112.9,84,49.4,247,15.8,71,37.1,13,30.7,255,88.0,2,46.0,20,22.3,14,28.5,104,30.2,108
88,Toledo,MAC,68.7,97,112.6,85,50.3,207,13.6,9,29.3,209,35.8,99,115.8,333,54.8,335,15.1,317,30.0,189,25.9,25
89,McNeese,Slnd,64.8,300,112.4,86,52.2,110,17.1,169,35.1,34,35.9,97,100.5,61,48.0,65,22.2,16,31.1,237,35.3,239
90,San Francisco,WCC,67.0,189,112.4,87,53.7,62,17.4,190,29.4,201,36.7,75,100.0,56,48.2,70,19.1,80,28.0,82,34.6,224
91,North Florida,ASun,72.2,12,112.3,88,53.6,67,15.0,33,28.6,228,26.4,344,118.6,355,54.3,322,14.5,333,34.2,336,33.2,188
92,Wofford,SC,63.7,339,112.3,89,52.6,92,17.6,203,34.9,39,27.8,324,109.9,228,51.9,229,14.2,336,27.3,60,34.5,220
93,Jacksonville St.,CUSA,64.9,291,112.1,90,51.3,158,15.6,58,31.2,152,30.8,249,107.6,180,49.1,95,12.0,361,26.2,32,25.5,21
94,California,ACC,67.1,181,112.0,91,48.3,290,16.6,126,35.8,27,38.8,41,108.7,204,52.4,253,15.8,285,29.8,177,30.7,121
95,Utah,B12,68.8,94,112.0,92,53.3,72,18.1,232,33.1,81,36.4,84,102.7,88,47.6,50,16.0,268,29.4,154,33.3,191
96,Washington St.,WCC,69.9,50,111.9,93,56.8,10,20.6,335,31.9,130,33.4,162,106.4,160,50.7,171,17.7,163,32.3,293,32.9,179
97,Lipscomb,ASun,66.1,229,111.6,94,55.2,43,15.4,49,24.9,320,30.1,275,103.3,101,49.2,101,16.8,218,26.8,47,22.7,6
98,UNC Wilmington,CAA,65.8,251,111.4,95,51.8,136,16.3,100,35.0,37,40.6,29,106.9,168,50.6,166,18.3,116,28.9,133,30.7,122
99,Northern Colorado,BSky,68.6,100,111.3,96,56.3,18,15.2,39,24.8,321,32.2,196,109.8,226,53.4,291,15.3,303,23.0,4,36.1,250
100,South Dakota St.,Sum,68.9,89,111.3,97,54.8,49,18.2,236,33.6,70,28.9,301,105.5,141,49.9,132,13.4,353,22.1,1,30.9,126
101,Bradley,MVC,66.1,227,111.3,98,57.3,6,18.1,231,26.2,291,33.4,163,104.4,116,47.6,52,15.9,275,28.3,96,35.7,244
102,North Alabama,ASun,66.6,205,111.3,99,51.0,174,13.0,4,33.4,78,29.3,290,107.5,177,50.6,164,16.9,212,29.8,179,28.4,71
103,UNC Asheville,BSth,68.0,132,111.3,100,52.1,115,14.8,31,31.4,143,35.0,126,111.0,247,52.7,264,17.9,135,35.0,347,40.4,332
104,Northern Iowa,MVC,65.1,282,111.2,101,56.6,12,15.7,65,24.5,325,35.9,95,105.7,146,51.8,226,17.9,137,25.5,16,29.6,90
105,Temple,Amer,69.5,64,111.1,102,50.5,200,16.4,111,32.6,100,44.4,8,108.9,211,50.3,151,16.0,271,31.6,269,35.8,246
106,Minnesota,B10,61.7,359,111.1,103,50.7,183,16.0,87,29.4,202,32.3,194,103.6,102,49.9,135,16.4,240,30.9,233,31.3,140
107,West Virginia,B12,63.9,330,111.1,104,50.8,177,16.0,88,25.6,303,26.5,343,95.3,19,45.7,14,20.0,54,31.6,265,30.6,114
108,Arizona St.,B12,67.9,138,111.0,105,51.1,166,18.8,274,27.4,261,36.3,88,98.2,40,47.7,55,16.5,233,30.0,191,28.8,77
109,North Texas,Amer,60.3,362,110.9,106,51.9,130,17.4,187,34.1,54,36.9,73,98.2,41,47.6,51,19.9,55,27.2,55,38.6,303
110,Eastern Kentucky,ASun,68.1,121,110.8,107,49.2,254,13.9,10,32.7,95,26.9,337,112.6,281,52.8,270,17.9,145,33.4,318,31.3,138
111,Cincinnati,B12,65.1,281,110.7,108,51.9,129,15.2,44,33.5,74,24.8,351,95.8,23,47.3,43,19.3,78,29.1,140,24.5,16
112,Illinois Chicago,MVC,68.9,88,110.5,109,52.4,101,17.3,177,31.3,150,35.3,118,108.5,201,51.7,221,15.9,279,28.4,97,34.4,217
113,Arkansas St.,SB,69.3,68,110.4,110,48.8,270,14.9,32,32.2,121,34.9,129,101.8,75,45.7,15,17.6,167,31.2,243,37.6,286
114,Montana,BSky,67.1,185,110.2,111,55.5,31,16.3,101,22.5,350,33.2,171,112.8,286,53.7,304,15.7,289,30.4,214,30.6,115
115,LSU,SEC,68.3,115,110.2,112,52.2,108,19.6,312,32.4,111,34.6,137,100.4,60,46.3,25,16.7,222,34.1,335,28.7,76
116,Louisiana Tech,CUSA,64.4,317,110.1,113,53.6,68,19.8,319,29.9,190,32.9,176,106.4,157,48.2,71,14.1,339,28.7,113,27.9,60
117,Radford,BSth,62.9,351,110.1,114,50.5,196,18.0,229,34.7,42,41.1,24,110.9,242,51.6,217,16.7,224,29.4,158,37.8,290
118,UNLV,MWC,65.6,259,110.1,115,50.8,178,15.7,63,27.1,263,35.4,115,103.1,96,50.4,154,18.9,89,32.0,284,33.2,189
119,South Dakota,Sum,74.1,1,110.1,116,50.7,189,13.2,5,31.3,148,47.1,3,117.8,348,55.2,345,17.5,181,37.1,359,34.0,204
120,Virginia,ACC,60.3,363,109.9,117,52.8,84,17.0,157,23.9,339,25.9,347,104.0,109,49.8,123,15.6,292,28.2,90,27.5,51
121,James Madison,SB,64.9,292,109.9,118,51.1,171,17.2,176,31.4,144,28.1,316,108.1,193,50.8,178,15.2,309,27.7,68,31.5,143
122,Florida St.,ACC,69.9,47,109.8,119,51.3,153,17.6,209,30.6,168,40.3,30,100.0,54,47.3,45,20.1,53,31.4,257,38.0,293
123,Columbia,Ivy,70.1,43,109.8,120,54.9,46,16.2,96,28.0,246,30.8,252,114.5,317,55.1,340,17.7,155,28.3,92,26.7,36
126,Sam Houston St.,CUSA,67.7,149,109.8,121,49.7,234,18.9,280,32.3,114,34.4,146,110.6,237,53.3,288,17.4,185,33.0,309,35.1,232
127,Saint Joseph's,A10,68.5,107,109.7,122,51.8,138,17.0,154,30.0,187,30.9,245,100.4,59,46.9,36,16.5,234,26.2,35,25.9,24
128,Washington,B10,68.2,119,109.7,123,50.2,210,17.6,204,29.2,212,36.0,93,101.9,77,51.1,191,17.5,180,27.9,77,35.3,237
129,UC Santa Barbara,BW,64.8,297,109.7,124,56.3,20,19.3,302,28.3,236,28.6,307,107.8,185,48.4,81,17.1,205,27.6,65,31.9,155
130,Texas St.,SB,65.8,249,109.7,125,51.1,167,18.4,243,32.4,110,36.6,81,112.7,285,51.3,199,16.4,241,31.1,238,41.2,337
131,Liberty,CUSA,65.2,279,109.5,126,57.4,5,15.3,45,19.4,361,29.4,289,98.3,42,45.8,17,18.0,133,28.3,95,26.7,33
132,North Dakota,Sum,68.5,110,109.5,127,49.1,257,16.3,105,34.9,40,33.2,169,118.3,351,57.9,361,15.3,307,29.4,157,32.5,170
133,Virginia Tech,ACC,64.7,304,109.5,128,51.2,165,19.7,317,33.3,79,32.8,177,107.9,186,52.2,244,16.2,258,29.4,155,31.7,148
134,Wright St.,Horz,67.5,163,109.3,129,55.3,36,17.4,186,27.0,271,28.0,319,111.6,257,51.8,225,14.1,340,26.5,41,34.7,228
135,San Diego St.,MWC,66.1,231,109.3,130,49.0,258,17.0,159,31.9,128,31.2,235,93.9,10,44.5,7,19.7,61,31.2,249,38.6,305
136,Syracuse,ACC,68.5,105,109.2,131,50.6,194,17.6,202,30.5,170,32.4,190,106.4,158,52.3,248,13.7,346,25.8,23,31.3,139
137,Saint Louis,A10,67.1,184,109.2,132,55.5,33,19.1,290,24.1,335,32.2,200,105.0,127,47.4,48,14.4,334,29.8,176,24.4,15
138,N.C. State,ACC,64.3,320,109.1,133,48.5,277,14.2,15,29.4,205,32.3,195,103.2,97,49.8,122,19.0,86,32.9,305,30.1,106
139,Miami OH,MAC,68.8,95,109.1,134,55.5,32,17.7,211,28.0,247,28.9,302,107.7,183,52.3,250,19.5,68,27.8,73,35.6,242
140,UMass Lowell,AE,69.3,67,108.8,135,52.5,98,17.2,175,25.1,313,34.8,132,113.2,298,50.1,140,14.5,330,31.5,261,25.7,22
141,William & Mary,CAA,71.5,18,108.8,136,53.7,61,17.5,194,25.9,298,37.0,71,113.0,292,53.3,289,17.2,194,29.8,174,36.5,261
142,UT Arlington,WAC,67.4,171,108.8,137,52.1,118,19.1,287,33.0,85,36.5,83,112.3,275,50.7,170,16.2,257,31.5,260,36.6,262
143,Cal Baptist,WAC,65.6,261,108.8,138,48.6,276,16.6,121,33.6,69,31.0,239,107.6,179,50.2,144,17.9,142,30.0,190,32.4,169
144,Nebraska Omaha,Sum,67.2,177,108.8,139,52.6,93,16.6,125,29.1,216,36.6,79,111.8,262,54.2,318,15.3,302,25.3,13,37.6,284
145,San Jose St.,MWC,65.4,265,108.8,140,50.7,184,16.1,91,26.9,276,32.2,198,108.8,209,51.3,201,16.8,220,32.8,303,28.9,80
146,Oklahoma St.,B12,70.0,46,108.8,141,48.8,267,19.2,294,32.9,86,43.3,13,102.7,90,53.9,311,20.3,46,26.8,48,36.8,264
147,St. Bonaventure,A10,63.4,343,108.7,142,51.2,162,16.5,115,29.4,206,32.0,210,102.7,87,50.2,145,18.7,96,25.8,24,23.2,8
148,Florida Gulf Coast,ASun,65.1,283,108.7,143,54.5,53,16.4,109,28.2,241,22.3,362,107.7,181,49.9,133,15.1,319,27.8,74,28.6,74
149,UNC Greensboro,SC,63.3,344,108.7,144,51.1,170,16.0,85,32.5,105,29.1,295,106.9,166,48.1,67,16.5,232,31.0,236,31.0,129
150,South Carolina,SEC,65.0,289,108.7,145,49.3,249,19.1,291,31.6,137,42.1,16,98.4,43,49.8,127,15.9,278,27.9,81,30.0,101
151,Winthrop,BSth,72.3,9,108.7,146,52.1,117,17.2,173,30.8,164,50.6,1,110.6,238,51.6,213,19.3,77,32.8,302,38.4,299
152,Bryant,AE,72.3,8,108.6,147,50.7,187,16.5,112,33.4,75,30.7,256,107.7,184,47.9,60,16.3,249,30.9,235,31.8,150
153,Furman,SC,65.0,288,108.6,148,52.0,126,16.9,150,30.8,163,33.2,168,108.7,203,49.2,99,16.4,239,31.6,267,30.1,104
154,Idaho,BSky,66.2,222,108.6,149,52.1,113,18.1,230,29.0,219,34.6,140,117.2,343,54.6,332,16.3,244,32.2,290,38.8,309
155,Rhode Island,A10,70.3,37,108.6,150,51.8,137,17.8,216,29.1,215,42.4,15,105.3,138,48.0,64,15.9,273,28.3,93,30.4,109
156,Princeton,Ivy,66.5,211,108.5,151,52.0,120,15.2,42,27.9,249,27.2,332,106.1,153,51.7,220,17.9,148,25.3,14,33.1,185
157,Norfolk St.,MEAC,65.7,252,108.5,152,52.2,109,18.6,261,32.0,126,38.5,45,109.1,216,50.0,138,18.9,91,35.2,350,34.5,222
158,Middle Tennessee,CUSA,67.8,143,108.4,153,50.8,179,16.7,135,30.1,185,32.0,211,105.1,131,48.6,85,16.7,226,29.7,169,30.5,113
159,Wake Forest,ACC,66.6,207,108.3,154,50.5,202,17.1,170,26.9,273,35.5,112,96.1,26,46.1,21,20.5,42,31.3,251,30.6,117
160,DePaul,BE,67.2,179,108.3,155,52.3,107,18.6,260,29.4,203,29.0,298,104.7,122,50.6,167,16.1,261,28.3,91,29.0,82
161,UTSA,Amer,69.5,63,108.2,156,49.6,240,16.0,84,27.0,266,29.2,292,111.5,256,54.2,319,20.3,48,35.5,353,42.8,348
162,UC Riverside,BW,66.5,210,108.2,157,48.7,274,16.6,123,32.0,127,26.9,338,107.6,178,51.1,189,15.5,296,28.8,123,32.2,161
163,Georgia Tech,ACC,69.1,76,108.2,158,50.6,192,16.7,132,29.0,217,32.0,214,102.8,91,49.6,114,16.3,251,28.8,124,30.0,99
164,Wichita St.,Amer,68.9,86,108.1,159,49.3,248,15.8,75,30.6,169,34.8,134,106.0,151,51.2,194,16.5,235,28.4,100,27.6,52
165,Colorado,B12,67.0,190,108.1,160,51.2,161,21.4,349,28.3,239,36.3,89,102.4,83,50.4,158,17.0,207,28.4,102,33.1,186
168,Indiana St.,MVC,72.4,7,108.0,161,54.1,58,20.5,331,27.1,264,36.6,80,111.8,261,54.5,330,16.3,248,27.0,52,38.9,315
169,East Tennessee St.,SC,65.6,260,108.0,162,49.9,224,16.3,104,37.0,17,32.1,204,104.6,121,49.9,131,19.1,82,30.2,204,36.4,257
170,Longwood,BSth,68.5,106,107.9,163,51.0,172,17.2,174,31.9,129,46.3,4,109.3,219,55.2,343,21.3,27,30.1,195,40.8,335
171,Seattle,WAC,65.6,258,107.9,164,48.9,266,17.0,158,30.3,175,39.2,38,105.8,149,54.0,315,19.1,83,25.7,22,33.9,202
172,Elon,CAA,64.8,299,107.8,165,48.9,264,18.5,257,37.3,12,40.9,26,108.5,199,46.6,32,13.2,356,31.6,266,24.2,14
173,Delaware,CAA,70.2,42,107.6,166,53.8,60,16.8,141,22.5,349,31.6,229,114.8,321,50.9,183,15.4,298,33.0,311,33.0,181
174,Grand Canyon,WAC,71.8,13,107.6,167,50.0,221,18.3,241,32.4,107,44.3,10,100.2,58,46.4,26,20.7,37,28.0,83,31.1,131
175,Charleston,CAA,70.6,33,107.5,168,51.9,132,16.3,106,27.0,270,34.4,143,106.7,165,50.2,147,16.7,221,28.7,114,28.0,62
176,East Carolina,Amer,66.1,233,107.5,169,47.9,299,15.9,80,34.6,46,36.6,77,107.3,174,51.6,214,17.8,151,30.7,223,32.1,159
177,IU Indy,Horz,64.8,298,107.5,170,49.7,236,16.8,143,30.1,184,36.3,90,121.6,360,56.0,352,16.0,272,32.6,297,38.8,307
178,Manhattan,MAAC,67.7,147,107.4,171,50.1,214,17.0,163,32.2,120,30.9,246,115.8,332,51.1,190,15.7,290,33.0,310,27.0,40
179,CSUN,BW,72.4,6,107.4,172,51.6,145,18.4,247,34.7,43,35.5,109,103.8,105,49.4,108,21.4,24,23.1,5,48.3,359
180,Murray St.,MVC,64.4,319,107.3,173,50.4,203,17.5,195,29.3,207,41.2,22,105.8,147,51.8,223,17.6,175,26.6,46,35.1,234
181,Troy,SB,65.3,273,107.2,174,50.5,198,21.3,348,38.7,8,34.9,127,102.3,80,48.8,87,20.5,41,31.8,276,26.5,29
182,Howard,MEAC,68.9,85,107.1,175,55.3,37,21.6,353,27.4,260,35.3,117,118.6,354,54.7,333,16.4,238,32.8,304,38.0,292
183,Rice,Amer,65.3,268,107.1,176,49.2,252,18.9,276,33.9,58,44.4,7,108.1,190,47.4,47,14.9,322,28.8,119,35.8,245
184,Ohio,MAC,70.3,36,107.0,177,53.2,76,15.8,70,24.6,323,34.4,144,108.8,206,52.1,239,18.2,122,28.8,125,36.1,251
185,Incarnate Word,Slnd,64.7,302,107.0,178,52.0,122,16.9,152,32.9,88,25.3,350,115.2,324,53.8,308,17.6,177,30.4,213,37.6,285
186,Milwaukee,Horz,69.1,78,107.0,179,51.2,159,20.6,336,40.6,2,38.5,46,105.1,128,50.6,169,17.6,168,26.1,31,33.1,184
187,Boston College,ACC,66.1,234,106.9,180,49.1,255,17.6,198,30.3,176,31.8,222,110.3,231,52.8,269,15.2,312,28.9,129,38.6,304
188,Oakland,Horz,62.3,356,106.9,181,48.2,292,18.3,238,35.0,35,27.3,331,109.4,221,51.9,232,16.9,214,33.6,323,28.2,65
189,Cal Poly,BW,73.0,3,106.9,182,53.4,70,21.8,356,28.4,234,28.4,311,112.6,282,53.3,290,18.6,100,34.7,343,32.9,177
190,Loyola Chicago,A10,66.7,201,106.9,183,52.6,91,18.5,256,30.1,183,32.4,188,104.4,119,49.4,107,18.7,97,28.5,106,32.6,172
191,Tulane,Amer,66.3,215,106.7,184,50.6,191,16.4,108,26.8,279,35.3,119,105.4,139,47.9,61,18.5,107,31.5,262,33.6,196
192,George Mason,A10,64.2,326,106.7,185,51.7,140,19.6,314,32.5,104,41.3,21,94.5,15,43.8,2,18.2,120,28.2,88,29.1,83
193,Georgetown,BE,67.4,168,106.6,186,50.3,205,18.9,278,33.5,73,24.8,353,96.9,33,46.6,31,20.9,31,29.4,153,27.7,55
194,TCU,B12,65.8,243,106.6,187,47.4,311,16.9,148,32.4,112,33.2,167,97.5,36,50.8,179,19.8,59,29.9,186,27.7,58
195,UC Irvine,BW,69.3,69,106.5,188,50.6,193,18.8,267,28.3,238,37.2,62,94.6,16,45.4,12,17.7,156,25.7,19,21.2,3
196,Fordham,A10,69.6,60,106.5,189,49.4,246,18.5,255,30.4,173,32.5,183,109.7,225,52.4,252,17.6,173,29.6,165,36.4,256
197,UMBC,AE,70.6,32,106.5,190,55.0,45,17.1,164,19.9,358,32.7,179,115.9,334,52.9,272,17.6,171,33.7,325,27.3,45
198,Marshall,SB,68.0,128,106.3,191,49.7,233,16.9,153,32.8,90,37.1,65,107.5,176,50.2,146,18.1,127,30.3,208,39.1,318
199,Cal St. Bakersfield,BW,65.6,256,106.3,192,48.5,280,19.4,303,34.8,41,36.4,86,113.7,306,55.0,338,18.9,93,29.7,168,50.5,362
200,Texas A&M Corpus Chris,Slnd,68.9,87,106.2,193,52.0,121,18.0,225,32.2,117,37.8,55,107.9,188,51.5,209,19.0,87,31.2,248,41.8,343
201,Nicholls,Slnd,68.0,129,106.2,194,47.3,312,15.3,47,31.1,155,31.0,240,108.3,198,48.3,78,16.6,231,31.7,273,39.7,328
202,Ball St.,MAC,66.2,223,106.1,195,52.4,100,16.7,131,26.8,277,45.9,5,115.1,323,52.0,235,14.0,343,29.1,141,32.8,174
203,South Alabama,SB,63.1,347,106.1,196,51.1,169,15.1,36,27.2,262,29.8,281,103.2,99,48.2,73,20.7,36,30.8,227,23.8,11
204,UTEP,CUSA,68.0,131,106.0,197,50.7,190,17.5,191,24.5,326,37.4,60,104.1,113,51.5,207,23.7,4,34.0,332,41.4,338
205,Queens,ASun,68.9,83,106.0,198,51.9,127,18.5,253,31.1,154,32.1,205,109.5,222,51.3,200,15.9,277,28.8,121,31.8,151
206,George Washington,A10,67.8,145,105.9,199,50.1,212,18.6,259,32.2,119,40.2,31,101.4,71,46.7,34,19.4,75,32.2,289,27.4,47
207,Southern Illinois,MVC,68.1,127,105.8,200,50.7,186,19.1,286,31.4,142,35.1,124,106.5,162,52.3,247,16.4,242,28.7,117,34.3,216
210,Kennesaw St.,CUSA,70.6,30,105.7,201,48.0,294,20.0,323,34.4,49,38.4,47,105.1,132,47.8,59,15.2,308,28.8,120,39.7,327
211,South Florida,Amer,67.8,142,105.7,202,51.6,144,16.8,140,27.9,251,34.7,136,108.3,197,49.5,112,17.9,136,32.9,306,36.0,249
212,Utah Valley,WAC,68.4,113,105.7,203,50.0,219,16.9,147,31.0,157,38.8,40,102.3,81,49.4,106,17.8,149,26.5,40,32.0,157
213,Idaho St.,BSky,65.1,280,105.6,204,47.9,297,17.4,189,39.2,5,35.8,100,110.2,230,53.2,285,17.9,138,26.5,42,34.8,230
214,Montana St.,BSky,65.8,247,105.6,205,51.8,134,15.5,57,21.5,354,30.8,250,107.9,187,49.2,101,15.7,288,29.3,152,33.3,190
215,Cleveland St.,Horz,65.8,240,105.6,206,49.4,244,18.6,258,35.3,31,32.6,181,103.9,107,50.7,173,22.8,9,33.7,327,37.5,282
216,Central Michigan,MAC,66.9,192,105.6,207,49.5,241,18.4,245,32.6,99,33.2,170,108.7,205,54.0,313,18.3,112,28.7,118,32.3,164
217,Western Kentucky,CUSA,72.6,5,105.5,208,49.4,245,16.2,95,22.6,348,33.5,161,101.4,73,47.5,49,17.9,143,27.5,64,40.0,330
218,Valparaiso,MVC,68.1,126,105.5,209,47.0,319,14.7,28,27.9,253,36.4,85,112.3,273,54.4,325,17.5,183,29.1,139,37.3,280
219,Northeastern,CAA,67.8,146,105.4,210,51.5,148,19.2,292,32.1,123,29.7,284,108.9,212,50.4,155,17.3,190,30.6,218,31.9,156
220,Brown,Ivy,65.1,286,105.4,211,52.0,124,18.0,226,29.9,192,28.4,310,110.4,232,50.5,163,15.3,305,30.8,231,28.7,75
221,Gardner Webb,BSth,68.9,84,105.4,212,52.8,86,21.0,347,33.1,83,37.1,66,111.5,255,51.7,218,14.7,327,30.4,211,38.2,297
222,UT Rio Grande Valley,Slnd,69.7,56,105.3,213,51.0,173,19.0,283,31.7,136,25.9,348,111.9,263,52.1,242,18.1,125,32.7,301,30.6,118
223,Sacred Heart,MAAC,69.9,51,105.3,214,51.9,131,17.7,215,30.5,171,27.8,322,114.0,310,53.3,287,17.5,179,27.9,79,28.1,63
224,Robert Morris,Horz,68.3,116,105.3,215,50.0,220,19.0,284,34.6,44,39.5,35,106.5,161,50.7,173,19.7,62,28.9,127,31.0,130
225,Duquesne,A10,64.4,318,105.3,216,48.9,262,17.6,208,33.1,82,28.3,313,104.1,110,49.5,110,20.2,50,31.8,275,39.7,326
226,Charlotte,Amer,64.7,301,105.2,217,48.2,293,14.4,20,24.3,328,44.4,9,112.4,277,53.5,300,14.5,332,29.8,181,34.8,231
227,Colgate,PL,66.5,208,105.1,218,53.1,79,16.8,144,24.2,333,22.3,363,113.0,290,53.2,286,16.0,269,27.2,58,26.6,32
228,Northern Arizona,BSky,66.8,198,105.1,219,49.9,225,15.0,34,32.7,97,29.2,291,112.4,278,52.9,274,13.3,354,22.9,3,35.2,236
229,Towson,CAA,62.7,354,104.9,220,46.3,335,14.7,29,34.3,53,28.5,309,105.3,136,49.8,124,17.6,166,29.1,143,30.1,105
230,Hawaii,BW,65.8,246,104.9,221,52.1,112,20.9,344,31.8,132,41.7,18,107.7,182,49.0,92,13.8,345,25.2,10,34.5,221
231,Massachusetts,A10,70.8,27,104.9,222,46.3,336,16.4,110,34.9,38,35.7,101,104.6,120,48.1,68,17.9,141,31.1,240,38.8,311
232,Georgia St.,SB,69.4,66,104.7,223,49.5,243,17.5,193,32.2,118,32.2,202,114.3,315,51.9,228,13.4,351,30.9,232,27.4,48
233,Presbyterian,BSth,63.7,338,104.6,224,50.9,175,17.4,185,31.1,156,31.6,227,113.0,293,53.5,298,17.2,196,31.4,258,37.7,289
234,Oral Roberts,Sum,67.9,140,104.5,225,50.8,176,17.3,182,24.0,338,35.2,121,118.7,356,55.7,349,14.0,341,34.2,337,39.3,320
235,North Carolina Central,MEAC,66.3,213,104.4,226,49.7,237,18.6,264,35.2,33,38.3,48,115.9,335,55.2,344,21.9,18,39.7,362,45.6,355
236,Richmond,A10,63.9,333,104.4,227,48.4,282,15.7,62,19.5,360,32.9,175,110.6,236,53.0,277,15.5,295,27.8,75,37.4,281
237,Wyoming,MWC,64.1,328,104.3,228,50.7,185,20.1,324,30.0,189,31.8,224,104.8,123,49.7,117,16.0,265,27.9,80,38.4,301
238,La Salle,A10,69.0,79,104.2,229,46.1,341,15.2,38,31.3,151,30.8,254,108.9,210,52.9,271,17.0,208,30.0,193,26.9,38
239,New Mexico St.,CUSA,65.5,263,104.1,230,46.8,323,16.6,127,32.1,122,32.1,208,104.4,118,47.9,62,14.7,326,29.9,183,38.1,295
240,American,PL,63.3,345,104.1,231,51.4,150,17.0,156,24.1,336,31.7,225,111.4,253,52.9,273,16.6,228,27.7,69,37.0,271
241,Loyola Marymount,WCC,66.8,199,104.0,232,49.9,226,16.3,103,23.5,343,30.0,278,101.2,68,46.5,29,15.6,291,30.7,224,28.5,72
242,Houston Christian,Slnd,64.9,295,103.9,233,50.1,215,18.1,233,26.9,274,31.8,223,112.7,284,53.1,282,17.7,158,32.5,294,29.9,97
243,Pepperdine,WCC,69.2,72,103.7,234,49.0,259,17.1,166,27.6,256,32.3,193,108.8,207,51.6,216,16.4,243,27.8,71,27.8,59
244,Army,PL,67.4,172,103.7,235,51.8,135,14.5,24,26.8,280,24.8,352,114.3,316,53.5,294,15.6,293,28.6,112,25.9,26
245,Appalachian St.,SB,63.8,334,103.6,236,51.3,157,17.5,197,26.5,285,35.6,108,100.9,67,45.6,13,14.9,324,29.1,144,22.8,7
246,Kent St.,MAC,65.3,274,103.5,237,47.0,320,17.1,168,34.1,55,28.2,314,100.6,65,47.0,37,19.9,56,28.5,107,40.5,333
247,Drexel,CAA,63.1,349,103.5,238,51.7,139,19.1,288,33.7,61,23.6,358,105.7,145,47.2,41,14.1,338,28.8,122,30.0,102
248,Alabama St.,SWAC,67.8,144,103.4,239,47.4,310,13.4,6,27.6,257,31.0,242,115.2,325,52.1,237,17.6,169,33.5,321,41.7,341
249,Eastern Washington,BSky,67.5,162,103.4,240,51.1,168,18.9,279,27.9,252,31.3,234,110.7,240,53.1,283,19.2,79,33.8,331,39.0,316
252,Penn,Ivy,66.1,230,103.4,241,48.3,288,16.6,120,27.0,267,30.1,270,114.3,314,52.1,240,14.7,328,32.6,296,25.2,18
253,Campbell,CAA,66.0,237,103.4,242,50.5,195,15.4,54,23.7,341,30.6,258,103.8,106,50.6,165,19.0,84,26.8,49,32.2,163
254,Morgan St.,MEAC,70.7,28,103.3,243,50.0,216,18.0,224,32.5,101,34.7,135,118.6,353,53.9,312,16.3,246,35.5,352,42.1,345
255,Bellarmine,ASun,65.7,253,103.3,244,52.4,99,18.3,237,20.6,356,26.8,341,123.1,362,59.1,363,15.2,313,30.6,219,34.3,215
256,Hampton,CAA,64.7,305,103.3,245,46.8,321,16.5,114,33.7,64,31.8,218,111.1,250,54.4,324,18.5,108,29.1,142,46.7,356
257,Southeastern Louisiana,Slnd,67.5,160,103.2,246,49.6,239,18.7,266,30.3,177,34.8,133,105.6,143,49.8,129,18.6,99,29.0,136,38.8,312
258,Portland St.,BSky,68.6,103,103.1,247,51.2,164,18.8,271,34.6,47,35.9,96,107.2,172,51.6,215,20.3,44,31.9,278,34.6,225
259,Southeast Missouri,OVC,68.0,136,103.0,248,50.7,182,15.4,53,25.5,310,30.1,273,107.0,169,48.7,86,18.9,92,28.9,128,44.2,352
260,Long Beach St.,BW,64.2,327,103.0,249,50.0,223,22.1,357,28.0,248,35.2,122,116.0,337,53.5,297,17.3,191,35.5,354,34.5,219
261,Mercer,SC,71.6,17,103.0,250,50.1,213,16.7,130,29.2,214,29.7,283,108.5,202,51.6,212,17.7,160,30.2,202,34.2,214
262,Lamar,Slnd,65.5,262,102.9,251,47.7,304,18.5,254,34.1,56,29.2,294,105.2,134,47.9,63,17.9,140,34.1,334,33.8,199
263,Jacksonville,ASun,67.9,141,102.9,252,50.2,209,20.1,326,35.4,30,28.0,318,102.6,85,50.8,176,19.8,60,30.1,197,33.8,200
264,Holy Cross,PL,65.6,257,102.8,253,52.9,81,17.0,161,22.8,347,21.7,364,114.6,319,52.7,267,14.0,342,27.3,61,25.2,17
265,Albany,AE,67.4,166,102.8,254,48.7,272,15.8,68,31.5,141,29.0,300,111.7,260,54.7,334,20.3,47,29.6,160,37.1,273
266,Portland,WCC,68.1,122,102.7,255,47.9,298,19.3,299,24.3,330,33.9,152,116.0,336,55.3,347,13.2,357,30.1,201,23.8,10
267,Monmouth,CAA,67.2,175,102.7,256,46.3,334,16.7,138,30.4,174,36.6,78,112.5,279,50.9,184,16.9,216,34.7,344,38.2,298
268,Stony Brook,CAA,64.6,306,102.7,257,47.1,315,18.8,272,30.5,172,33.0,173,117.6,347,56.4,354,15.2,314,31.3,254,30.6,116
269,Georgia Southern,SB,69.9,48,102.6,258,50.5,197,19.6,313,32.5,102,27.7,326,109.9,227,50.1,142,18.8,95,33.6,324,45.3,354
270,Weber St.,BSky,65.8,245,102.6,259,50.4,204,17.8,220,26.2,294,36.3,87,114.1,312,53.0,276,16.1,259,32.0,286,38.8,306
271,Missouri St.,MVC,63.8,335,102.5,260,51.6,146,20.8,341,32.4,109,35.6,106,109.1,215,55.3,346,19.5,70,29.6,161,39.6,325
272,Quinnipiac,MAAC,70.9,25,102.5,261,47.7,303,17.6,201,33.5,71,30.5,259,105.2,133,49.0,93,17.7,154,27.2,57,29.6,92
273,Siena,MAAC,66.3,217,102.4,262,49.8,229,18.4,246,27.8,255,37.1,68,109.0,213,51.1,192,18.2,119,30.1,196,32.4,167
274,Navy,PL,66.7,202,102.4,263,47.6,306,16.5,113,31.4,145,30.3,268,112.9,289,52.7,268,16.9,213,26.6,44,34.6,226
275,Eastern Michigan,MAC,67.6,152,102.4,264,51.6,143,18.9,277,28.8,223,34.1,150,114.7,320,54.4,326,18.2,121,31.7,272,39.0,317
276,Tennessee St.,OVC,71.3,20,102.3,265,50.8,180,20.9,346,34.5,48,40.7,27,111.4,254,49.7,121,17.7,157,31.2,247,39.4,322
277,Kansas City,Sum,64.5,315,102.1,266,48.7,273,18.3,242,31.8,131,32.4,189,108.2,194,52.2,243,17.6,174,30.6,216,36.4,255
278,Maine,AE,66.2,224,101.9,267,52.1,119,16.0,89,22.3,352,28.1,317,104.1,111,50.1,141,22.3,13,31.9,281,29.8,95
279,Utah Tech,WAC,66.7,204,101.8,268,48.3,287,18.0,228,26.9,275,33.6,157,114.1,311,53.8,307,18.1,126,35.1,348,38.9,313
280,Lehigh,PL,67.0,188,101.8,269,51.2,160,15.4,52,19.6,359,31.4,232,111.2,251,51.5,210,16.1,262,29.8,178,31.8,152
281,Niagara,MAAC,64.2,325,101.7,270,51.8,133,18.8,273,24.2,331,28.2,315,114.8,322,53.0,278,17.2,197,27.2,56,29.2,85
282,VMI,SC,67.4,165,101.6,271,48.4,281,17.3,181,25.6,306,37.2,63,111.4,252,54.0,314,18.2,118,32.0,283,27.6,53
283,Central Connecticut,NEC,65.2,278,101.6,272,51.3,152,16.9,151,26.8,278,26.8,340,102.8,92,48.2,74,17.9,139,25.2,12,19.1,2
284,Youngstown St.,Horz,69.6,59,101.6,273,48.9,263,17.3,183,28.9,221,34.4,145,105.4,140,48.4,79,18.4,109,31.3,250,36.5,260
285,Tennessee Tech,OVC,67.6,151,101.6,274,50.5,199,17.6,199,25.5,309,28.6,306,112.8,287,48.5,82,15.0,320,34.2,339,21.8,4
286,Pacific,WCC,65.8,250,101.5,275,47.6,307,19.1,289,29.4,199,31.6,228,113.1,296,53.5,295,15.9,281,29.6,162,38.1,294
287,South Carolina St.,MEAC,68.7,98,101.5,276,49.0,260,19.7,315,33.2,80,42.8,14,106.1,152,51.5,208,22.4,11,31.3,252,50.9,363
288,Old Dominion,SB,65.4,266,101.5,277,44.2,357,17.3,179,36.5,22,31.3,233,112.2,270,51.1,193,15.4,300,31.9,279,36.2,252
289,Dartmouth,Ivy,70.7,29,101.5,278,50.5,201,16.5,118,23.0,346,32.2,201,109.1,217,51.4,202,14.2,337,26.2,34,24.1,13
290,Fresno St.,MWC,71.6,16,101.5,279,46.6,329,17.9,221,26.4,287,37.0,72,109.5,224,55.0,339,18.5,106,33.4,317,24.0,12
291,Fairfield,MAAC,65.3,271,101.3,280,45.3,348,15.3,46,31.4,146,27.0,334,118.1,350,54.9,337,17.1,204,31.3,253,31.4,141
294,Charleston Southern,BSth,67.5,156,101.3,281,48.8,271,19.2,293,30.9,162,45.7,6,110.9,244,53.1,281,13.7,348,28.2,89,33.8,198
295,Bowling Green,MAC,69.2,71,101.2,282,49.8,227,16.9,149,26.1,296,34.8,131,113.4,303,54.0,316,18.1,130,28.7,116,31.9,153
296,Tulsa,Amer,65.7,254,101.1,283,48.5,279,17.4,184,30.2,180,33.0,172,110.9,245,50.5,162,14.9,321,30.7,220,30.8,124
297,Stonehill,NEC,64.9,294,101.0,284,51.7,141,18.4,244,24.2,332,30.5,261,113.2,299,50.3,152,17.1,203,29.7,166,34.4,218
298,Loyola MD,PL,66.9,194,101.0,285,49.8,228,17.7,214,28.6,227,30.1,271,113.5,304,52.2,246,16.8,217,28.6,110,30.4,112
299,Bucknell,PL,67.4,167,101.0,286,52.4,103,19.1,285,25.4,311,37.0,70,108.1,191,51.0,185,17.7,161,29.7,172,33.8,197
300,Green Bay,Horz,68.0,135,100.9,287,51.9,128,19.3,300,16.2,364,34.5,142,118.1,349,55.1,341,14.3,335,32.6,298,34.0,209
301,Northern Kentucky,Horz,65.3,269,100.9,288,48.2,291,18.2,234,31.0,158,31.2,238,108.2,195,53.0,275,20.6,38,32.3,291,28.3,70
302,Seton Hall,BE,63.9,332,100.9,289,45.0,349,19.7,316,32.9,87,34.9,128,104.4,117,54.3,321,21.6,22,30.3,209,37.2,274
303,Tennessee Martin,OVC,67.1,183,100.8,290,46.5,330,19.4,304,33.6,66,35.3,116,111.9,265,52.0,236,18.9,90,30.5,215,34.0,207
304,Binghamton,AE,65.0,290,100.8,291,52.1,116,19.5,307,25.5,308,32.7,178,113.3,302,49.5,109,12.7,359,28.1,86,34.0,206
305,Southern,SWAC,68.8,90,100.8,292,47.5,308,18.5,251,34.1,57,38.0,52,105.2,135,50.4,159,20.9,32,29.2,146,42.5,347
306,Western Michigan,MAC,67.4,164,100.6,293,45.7,346,15.8,77,34.6,45,32.4,186,114.6,318,55.8,350,15.9,274,27.7,70,32.7,173
307,Harvard,Ivy,65.8,244,100.5,294,49.6,238,18.5,250,25.6,304,24.2,357,110.8,241,52.1,241,17.8,150,32.9,308,25.8,23
308,Hofstra,CAA,63.7,337,100.5,295,48.8,268,17.8,217,24.1,334,26.9,339,103.8,104,46.2,24,15.5,297,28.5,105,37.3,279
309,SIUE,OVC,65.4,264,100.5,296,48.5,278,16.8,142,31.5,139,29.8,282,105.8,148,47.4,46,17.7,165,28.3,94,34.7,227
310,Southern Utah,WAC,68.5,111,100.4,297,48.6,275,22.3,359,30.1,181,35.9,94,109.3,220,49.8,130,15.1,316,32.6,295,31.2,137
311,Delaware St.,MEAC,69.6,58,100.4,298,47.1,316,17.7,213,32.4,108,33.3,164,112.3,274,52.5,262,18.5,103,32.0,282,38.8,310
312,Northwestern St.,Slnd,64.4,316,100.4,299,47.0,318,20.2,328,32.8,91,33.0,174,107.1,171,49.8,128,17.2,198,31.5,263,31.8,149
313,Louisiana,SB,66.3,219,100.4,300,46.3,337,15.9,78,26.3,290,28.9,303,113.7,307,52.5,261,18.4,111,33.8,330,44.5,353
314,Le Moyne,NEC,68.6,102,100.3,301,50.7,188,19.4,305,25.1,314,38.5,44,120.3,359,54.4,323,16.0,267,33.2,316,39.6,324
315,Canisius,MAAC,65.2,277,100.3,302,50.8,181,18.5,252,18.5,362,22.3,361,121.9,361,57.2,360,15.8,284,34.7,342,30.7,119
316,Rider,MAAC,64.6,309,100.2,303,46.6,327,17.9,222,32.3,115,30.3,267,114.2,313,53.0,280,15.7,287,30.7,221,27.7,56
317,Marist,MAAC,63.6,342,100.1,304,52.6,94,18.2,235,28.7,225,22.6,360,105.6,144,46.5,27,17.0,209,26.0,29,32.3,165
318,Southern Indiana,OVC,66.3,218,100.1,305,48.3,289,17.1,171,28.7,226,32.0,209,115.5,331,52.2,245,16.7,225,30.7,222,36.9,268
319,Jackson St.,SWAC,68.7,99,100.1,306,45.8,345,20.1,325,29.6,195,37.6,58,108.0,189,53.0,279,18.5,102,31.9,280,33.0,183
320,Merrimack,MAAC,64.6,307,100.1,307,49.3,250,14.5,22,20.4,357,24.6,355,101.9,76,46.8,35,22.4,12,37.5,360,30.9,127
321,North Carolina A&T,CAA,70.4,35,100.1,308,46.3,338,14.1,13,26.1,295,32.0,212,115.4,328,51.8,224,15.3,304,32.7,300,31.2,135
322,Mount St. Mary's,MAAC,67.4,170,100.0,309,49.8,231,21.5,352,30.7,166,32.4,191,108.3,196,49.8,126,17.2,195,29.9,184,27.4,49
323,Stetson,ASun,67.5,154,100.0,310,49.8,230,19.6,310,24.9,319,34.5,141,118.3,352,52.7,265,13.2,355,35.3,351,27.1,41
324,Saint Francis,NEC,67.4,173,100.0,311,51.3,151,20.5,332,24.6,324,24.6,354,114.0,309,52.1,238,16.1,260,30.4,212,30.4,111
325,Coastal Carolina,SB,62.7,353,99.9,312,49.8,232,18.8,275,28.1,244,33.9,153,115.2,326,49.4,105,10.8,363,27.6,66,35.3,238
326,New Orleans,Slnd,69.1,74,99.8,313,46.4,332,18.8,270,29.6,196,35.6,105,117.4,345,54.4,329,16.6,227,37.0,358,27.1,42
327,Morehead St.,OVC,64.2,323,99.8,314,46.6,328,18.8,269,30.9,160,39.2,39,112.5,280,50.4,157,13.9,344,25.9,27,31.2,133
328,Air Force,MWC,63.9,331,99.7,315,50.3,208,20.8,342,24.0,337,37.2,61,112.2,271,54.5,331,15.8,283,28.9,135,34.8,229
329,Southern Miss,SB,70.2,41,99.5,316,47.9,296,19.8,318,29.3,211,33.6,159,107.3,173,50.0,138,16.4,236,29.5,159,34.0,208
330,Prairie View A&M,SWAC,71.2,22,99.5,317,48.9,265,16.7,133,24.3,327,35.7,102,117.4,344,56.9,357,20.4,43,39.8,364,43.9,351
331,Fairleigh Dickinson,NEC,69.0,81,99.5,318,48.8,269,16.8,145,26.2,293,32.6,180,113.3,301,51.7,222,17.0,206,33.5,320,32.8,175
332,Abilene Christian,WAC,68.5,108,99.4,319,47.2,313,20.6,337,28.5,230,39.4,36,104.9,124,53.6,301,23.4,5,30.1,198,52.7,364
333,Boston University,PL,62.2,357,99.4,320,50.0,222,20.8,343,32.2,116,30.1,274,111.0,248,52.4,259,16.6,230,23.5,6,29.9,96
334,USC Upstate,BSth,72.2,10,99.3,321,49.7,235,19.5,308,25.5,307,30.2,269,116.7,340,56.8,356,15.9,282,30.8,226,41.7,340
335,Austin Peay,ASun,66.0,238,99.3,322,46.7,325,15.4,51,25.8,300,29.5,286,109.0,214,52.4,256,18.0,131,33.2,315,36.4,259
336,Denver,Sum,66.1,235,99.2,323,50.0,217,17.8,218,25.9,297,31.0,243,115.5,330,55.2,342,17.0,210,30.0,192,50.0,361
337,San Diego,WCC,70.2,40,99.1,324,44.9,350,19.0,282,30.1,182,30.8,253,110.0,229,52.6,263,18.2,124,31.2,246,46.8,357
338,Evansville,MVC,66.4,212,99.0,325,48.3,285,17.5,196,23.2,344,30.9,247,106.6,164,50.3,150,17.1,202,30.1,199,34.6,223
339,FIU,CUSA,69.0,80,98.8,326,48.0,295,19.9,322,32.8,92,35.7,103,106.2,156,52.5,260,21.5,23,30.1,200,39.4,321
340,Florida A&M,SWAC,67.5,157,98.4,327,49.0,261,22.4,360,29.3,210,33.7,155,112.8,288,51.9,233,16.0,266,33.8,329,38.4,300
341,Bethune Cookman,SWAC,68.5,104,98.4,328,47.8,301,19.2,297,28.8,224,34.9,130,106.6,163,49.1,96,17.1,201,31.2,244,32.6,171
342,West Georgia,ASun,67.5,155,98.3,329,46.8,322,16.3,102,26.3,289,27.6,329,115.4,327,56.5,355,17.5,184,30.3,207,36.9,270
343,Iona,MAAC,68.7,96,98.2,330,46.1,339,21.7,354,39.5,4,30.1,272,107.1,170,53.4,291,23.9,2,30.0,188,37.6,287
344,Little Rock,OVC,66.5,209,98.1,331,49.2,253,20.7,339,29.4,200,27.2,333,100.6,63,44.3,4,21.4,25,35.2,349,37.2,276
345,Lafayette,PL,65.7,255,97.9,332,49.5,242,17.0,155,24.9,316,29.9,280,108.8,208,49.9,136,16.7,223,29.2,147,28.5,73
346,Mercyhurst,NEC,64.5,314,97.7,333,47.7,305,16.6,128,22.0,353,31.0,244,116.3,339,55.4,348,20.7,35,33.7,326,39.2,319
347,Vermont,AE,62.5,355,97.6,334,46.8,324,17.6,200,25.7,302,30.3,264,105.9,150,49.9,134,16.8,219,26.3,36,27.3,44
348,Alcorn St.,SWAC,65.0,287,97.5,335,45.4,347,21.4,350,34.4,50,30.8,251,110.4,233,52.4,254,18.4,110,34.2,338,31.7,147
349,Western Illinois,OVC,63.0,350,97.5,336,48.4,283,18.3,240,29.0,218,25.9,349,118.8,357,52.0,234,14.5,331,32.3,292,33.0,182
350,Texas Southern,SWAC,69.5,65,97.3,337,46.1,340,18.6,263,28.9,222,31.0,241,108.5,200,49.7,118,19.5,69,35.8,356,36.8,266
351,Cal St. Fullerton,BW,67.1,182,97.3,338,44.6,353,20.9,345,26.6,284,43.6,11,112.1,268,52.7,266,17.6,178,31.7,271,38.0,291
352,Arkansas Pine Bluff,SWAC,72.2,11,97.2,339,50.1,211,20.5,333,26.4,288,31.8,220,124.2,363,58.2,362,16.2,255,35.7,355,43.1,349
353,Buffalo,MAC,71.3,21,97.0,340,48.4,284,19.0,281,23.8,340,32.2,199,113.8,308,53.6,303,16.2,253,31.6,264,32.2,162
354,UC Davis,BW,67.5,158,96.8,341,45.9,344,20.3,329,28.2,240,40.1,32,101.3,70,47.8,57,23.2,7,34.0,333,40.7,334
355,East Texas A&M,Slnd,66.9,195,96.7,342,49.3,251,23.6,362,28.9,220,27.8,325,112.0,266,54.4,328,19.6,66,34.8,345,36.3,254
356,Central Arkansas,ASun,66.2,226,96.6,343,45.9,343,18.0,227,29.6,197,27.7,328,115.5,329,55.9,351,17.2,199,31.1,241,23.5,9
357,Saint Peter's,MAAC,62.8,352,96.5,344,46.0,342,22.1,358,37.9,10,32.2,203,107.3,175,48.2,72,18.3,113,31.4,255,42.2,346
358,Grambling St.,SWAC,64.5,313,96.5,345,47.9,300,20.5,334,25.8,301,35.5,110,111.1,249,51.5,205,17.8,153,30.8,229,31.6,144
359,Louisiana Monroe,SB,67.6,153,96.1,346,44.5,356,17.6,207,29.5,198,29.7,285,113.6,305,53.4,293,16.9,215,31.7,270,26.3,28
360,Sacramento St.,BSky,65.2,276,96.0,347,47.2,314,20.7,338,28.3,237,34.0,151,113.1,295,53.5,296,17.3,187,29.0,137,41.6,339
361,Detroit Mercy,Horz,65.9,239,95.4,348,44.6,355,18.7,265,31.7,135,29.0,299,110.9,246,50.6,168,16.3,250,31.1,242,36.4,258
362,Tarleton St.,WAC,65.1,285,95.3,349,46.5,331,25.6,364,27.4,259,42.0,17,106.4,159,53.7,305,23.0,8,34.8,346,48.7,360
363,Stephen F. Austin,Slnd,66.3,214,95.1,350,46.7,326,23.5,361,36.6,21,34.6,138,102.9,95,47.7,54,21.2,28,33.4,319,35.6,243
364,Alabama A&M,SWAC,71.2,23,95.1,351,44.9,351,21.8,355,35.2,32,37.9,53,117.4,346,54.4,327,20.9,33,37.8,361,47.3,358
365,Maryland Eastern Shore,MEAC,66.1,236,95.1,352,44.2,359,19.2,295,24.3,329,35.5,111,119.3,358,56.1,353,15.1,318,35.9,357,38.1,296
366,The Citadel,SC,64.6,308,95.0,353,47.8,302,20.8,340,26.9,272,33.3,166,116.8,341,54.2,317,15.2,311,32.2,288,34.1,210
367,LIU,NEC,64.9,293,94.9,354,47.4,309,20.2,327,31.0,159,27.4,330,106.9,167,48.6,84,18.7,98,28.5,103,43.8,350
368,Northern Illinois,MAC,69.2,70,94.6,355,46.4,333,16.0,90,17.8,363,32.4,187,113.1,297,53.5,299,17.3,192,31.8,277,40.2,331
369,New Hampshire,AE,66.8,200,94.6,356,47.1,317,19.2,298,27.9,250,27.9,321,116.1,338,54.2,320,16.1,264,31.1,239,33.3,192
370,NJIT,AE,64.9,296,94.4,357,44.8,352,18.4,248,28.5,229,27.9,320,113.1,294,49.2,98,13.4,352,32.0,285,38.9,314
371,Western Carolina,SC,70.3,39,94.2,358,43.8,360,19.9,320,26.2,292,26.1,345,112.2,272,52.4,258,14.7,329,28.2,87,35.6,241
372,Lindenwood,OVC,68.8,91,94.1,359,44.6,354,18.6,262,30.0,188,35.7,104,110.6,239,50.9,182,19.7,63,33.2,314,35.5,240
373,Eastern Illinois,OVC,65.8,242,94.0,360,44.2,358,18.5,249,29.3,207,32.1,207,110.5,235,51.9,231,19.4,73,30.6,217,39.9,329
374,Wagner,NEC,60.6,361,93.5,361,43.3,362,19.5,309,31.8,133,29.5,288,112.4,276,51.5,204,18.5,104,25.3,15,41.8,342
375,Chicago St.,NEC,68.6,101,91.5,362,43.7,361,19.4,306,23.1,345,29.5,287,112.6,283,53.6,302,18.3,115,33.6,322,38.8,308
376,Coppin St.,MEAC,67.7,148,87.7,363,42.2,363,21.5,351,26.7,283,37.6,57,113.0,291,57.1,358,20.1,52,33.1,313,37.6,283
377,Mississippi Valley St.,SWAC,64.2,324,83.8,364,40.6,364,25.1,363,23.6,342,30.3,263,125.3,364,59.3,364,14.8,325,39.7,363,39.5,323
