,Team,Conference,AvgHgt,AvgHgt.Rank,EffHgt,EffHgt.Rank,C-Hgt,C-Hgt.Rank,PF-Hgt,PF-Hgt.Rank,SF-Hgt,SF-Hgt.Rank,SG-Hgt,SG-Hgt.Rank,PG-Hgt,PG-Hgt.Rank,Experience,Experience.Rank,Bench,Bench.Rank,Continuity,Continuity.Rank
0,Duke,ACC,79.8,1,+2.0,9,+2.5,11,+1.6,34,+1.5,29,+2.7,3,+4.5,1,1.95,132,30.5,205,21.9,261
1,Elon,CAA,79.7,2,+3.2,1,+4.5,1,+1.9,16,+2.2,8,+1.6,28,+2.3,17,1.17,288,29.8,227,41.8,123
2,Utah,B12,79.3,3,+2.1,8,+2.0,20,+2.1,7,+2.6,2,+1.9,16,+1.9,27,2.02,123,42.8,11,33.3,192
3,Florida St.,ACC,79.3,4,+2.1,7,+1.9,26,+2.4,6,+1.9,11,+3.0,1,+1.3,71,1.32,258,36.7,62,26.1,237
4,Nevada,MWC,79.1,5,+1.5,29,+0.6,109,+2.4,5,+2.4,7,+2.9,2,+1.4,62,3.05,8,35.5,84,49.3,71
5,Michigan,B10,79.1,6,+3.2,2,+3.3,4,+3.1,2,+0.1,165,+1.4,42,+1.7,40,2.24,84,30.1,221,21.1,267
6,Bryant,AE,79.0,7,+0.5,109,+0.1,169,+0.9,67,+1.7,21,+2.7,3,+3.7,2,2.62,40,24.9,324,43.0,116
7,Indiana,B10,79.0,8,+1.9,16,+1.9,24,+1.8,22,+1.8,19,+1.6,32,+1.9,27,2.25,81,32.6,149,40.3,133
8,Loyola Marymount,WCC,78.9,9,+1.7,20,+2.1,13,+1.3,46,+1.6,27,+2.1,8,+1.4,60,2.54,52,29.7,230,36.8,155
9,Creighton,BE,78.9,10,+2.9,3,+3.1,6,+2.7,3,+2.5,5,+1.1,62,-0.9,267,2.65,38,29.8,226,46.8,86
10,Georgia,SEC,78.9,11,+1.6,24,+1.6,33,+1.6,31,+0.1,161,+1.7,20,+3.3,3,1.87,149,32.1,165,28.7,223
11,Colorado,B12,78.9,12,+1.4,36,+1.0,80,+1.8,26,+2.8,1,+1.6,35,+1.2,79,1.33,256,41.7,17,16.5,292
12,Illinois,B10,78.8,13,+1.8,17,+2.0,18,+1.6,30,+2.1,10,+1.9,15,+0.5,143,1.07,300,32.4,156,2.8,345
13,Butler,BE,78.8,14,+1.7,22,+2.1,14,+1.2,49,+1.5,28,+1.6,29,+1.5,50,2.90,16,26.4,298,57.3,32
14,Rutgers,B10,78.7,15,+1.3,42,+0.6,109,+2.0,11,+1.1,46,+1.9,11,+1.9,24,1.57,220,39.5,26,15.5,296
15,Portland,WCC,78.7,16,+2.0,10,+1.9,23,+2.1,10,+0.6,107,+1.4,45,+1.5,49,1.76,174,33.3,130,33.3,193
16,Georgetown,BE,78.7,17,+1.6,27,+1.2,62,+1.9,14,+2.5,4,+0.9,72,+0.9,95,1.71,196,25.9,306,18.7,279
17,Monmouth,CAA,78.7,18,+0.8,77,+0.9,83,+0.6,100,+1.6,25,+1.7,20,+2.6,9,1.68,202,28.9,256,41.4,128
18,Cincinnati,B12,78.6,19,+1.5,31,+2.0,17,+0.9,67,+2.5,6,+0.8,80,+0.9,113,2.26,79,35.5,87,60.1,20
19,Stanford,ACC,78.6,20,+2.4,4,+3.3,3,+1.6,36,+0.9,84,+0.9,77,+0.5,144,1.39,247,26.6,296,23.7,253
20,Kentucky,SEC,78.5,21,+1.3,41,+1.2,61,+1.5,38,+1.4,31,+1.4,44,+1.2,72,3.16,5,37.8,47,0.0,355
21,Montana St.,BSky,78.5,22,-0.0,177,-0.3,211,+0.3,131,+1.8,16,+2.7,3,+2.2,19,2.12,108,39.1,29,44.1,110
22,Pittsburgh,ACC,78.5,23,+1.9,14,+1.9,25,+1.9,19,+0.9,56,-0.3,220,+1.9,27,2.73,30,25.2,317,49.9,65
23,New Mexico,MWC,78.5,24,+1.4,35,+0.6,109,+2.1,8,+2.1,9,+0.5,123,+0.9,95,2.48,57,28.4,263,48.8,73
24,Arkansas,SEC,78.4,25,+1.9,12,+2.8,9,+1.1,53,+0.1,173,+0.7,91,+1.6,48,1.51,227,31.5,177,8.0,330
25,USC,B10,78.4,26,-0.4,232,-0.7,242,-0.1,179,+1.8,18,+2.7,3,+2.5,12,2.58,47,27.8,280,0.4,351
26,Santa Clara,WCC,78.4,27,+1.4,34,+1.7,31,+1.1,54,+1.9,11,+1.9,13,-0.4,236,2.13,106,35.8,81,68.7,7
27,Long Beach St.,BW,78.4,28,+1.4,38,+1.1,73,+1.6,32,+0.5,118,+1.0,67,+1.9,26,1.64,212,28.3,270,2.9,344
28,Davidson,A10,78.4,29,+0.6,96,+0.8,101,+0.5,113,+0.9,60,+1.0,65,+2.9,5,1.89,147,23.8,334,55.6,39
29,Virginia,ACC,78.4,30,+1.4,32,+1.2,63,+1.6,33,+0.8,88,+1.2,53,+1.2,77,1.49,230,34.4,109,41.7,125
30,BYU,B12,78.4,31,+0.5,117,-0.2,201,+1.1,52,+0.8,89,+1.6,34,+2.7,8,1.91,141,42.1,15,39.5,140
31,Washington St.,WCC,78.4,32,+1.6,25,+1.3,50,+1.8,20,+0.9,65,+1.3,47,+0.7,125,1.71,195,29.2,249,4.5,339
32,Northwestern,B10,78.4,33,+1.0,66,+2.1,15,-0.1,198,+0.9,65,+1.3,51,+1.9,25,2.34,70,28.3,267,52.8,48
33,Pepperdine,WCC,78.4,34,+1.4,37,+0.6,109,+2.1,9,+2.6,3,+0.9,79,-0.2,225,1.19,283,25.9,308,3.7,341
34,Auburn,SEC,78.4,35,+0.8,82,+1.1,69,+0.4,122,+1.4,32,+1.9,14,+1.0,90,2.77,25,35.2,91,54.8,41
35,Missouri,SEC,78.4,36,+1.5,30,+1.3,53,+1.7,29,+0.6,101,+0.3,144,+1.9,27,2.60,45,41.2,19,28.9,219
36,Marquette,BE,78.3,37,+0.8,79,+0.7,106,+0.9,84,+0.2,151,+1.7,20,+2.3,16,2.08,116,25.9,309,65.7,12
37,Saint Mary's,WCC,78.3,38,+1.2,52,+1.4,48,+1.0,62,+0.9,81,+0.6,119,+1.9,27,1.68,200,18.8,362,46.9,85
38,Nebraska,B10,78.3,39,+1.2,49,+1.5,37,+0.9,64,+1.2,42,+1.3,46,+0.5,140,2.76,29,33.4,128,36.6,157
39,Binghamton,AE,78.3,40,-0.6,250,-1.4,306,+0.3,136,+0.9,64,+2.7,3,+2.9,4,1.87,151,25.5,314,44.5,105
41,Seton Hall,BE,78.3,41,+0.1,170,+0.0,184,+0.1,157,+0.6,95,+1.7,27,+2.9,5,1.75,177,43.1,10,19.2,278
42,St. Bonaventure,A10,78.2,42,+0.8,78,+1.3,51,+0.3,135,+1.1,44,+0.8,84,+1.6,47,1.31,261,18.1,363,7.0,332
43,Georgia St.,SB,78.2,43,+0.6,101,+0.4,140,+0.8,85,+1.4,34,+1.8,17,+0.7,127,1.75,179,21.6,354,16.4,293
44,Little Rock,OVC,78.2,44,+0.1,163,-0.5,222,+0.6,105,+1.7,22,+1.4,43,+1.8,39,1.08,299,19.2,361,9.1,326
45,San Diego St.,MWC,78.2,45,+2.0,11,+1.9,22,+2.0,12,+1.2,38,-0.1,197,-0.0,198,1.49,228,32.2,163,12.1,307
46,Weber St.,BSky,78.2,46,+0.7,88,+1.4,47,+0.0,165,+1.2,40,+0.5,131,+1.9,27,1.92,136,34.1,115,43.9,111
47,St. John's,BE,78.2,47,+0.3,131,+0.5,133,+0.2,153,+1.6,23,+2.0,10,+0.6,128,2.34,72,26.6,295,20.5,271
48,Evansville,MVC,78.2,48,+1.4,33,+0.8,96,+1.9,15,+1.9,11,+0.2,162,-0.0,197,1.28,264,25.8,310,29.5,215
49,Air Force,MWC,78.2,49,+0.5,120,+1.2,58,-0.3,215,-0.1,195,+1.0,63,+2.9,5,1.80,165,26.8,292,47.8,81
50,Tulane,Amer,78.1,50,+0.0,172,-0.8,263,+0.9,67,+1.6,26,+1.0,70,+2.0,22,0.85,326,23.1,342,9.3,325
51,Grand Canyon,WAC,78.1,51,+0.6,106,+0.2,163,+1.0,63,+1.2,39,+0.7,91,+1.7,43,2.62,43,31.3,185,58.6,28
52,Connecticut,BE,78.1,52,+0.6,97,+0.6,126,+0.7,94,+1.9,11,+0.3,149,+1.2,75,1.76,175,32.8,142,44.4,107
53,Belmont,MVC,78.1,53,+0.7,87,-0.4,213,+1.8,21,+0.5,114,+1.2,54,+1.4,56,1.38,248,30.2,216,25.0,244
54,SMU,ACC,78.1,54,+2.3,6,+3.2,5,+1.5,40,-0.0,180,+0.2,157,-0.3,227,2.76,28,33.6,123,28.1,228
55,Arizona St.,B12,78.1,55,+1.2,54,+0.6,119,+1.7,27,+1.0,51,+0.3,142,+1.0,88,2.14,104,23.8,335,17.0,289
56,Iowa,B10,78.1,56,+0.5,113,+0.1,174,+0.9,67,+1.8,17,+1.8,19,-0.1,202,1.80,164,30.9,194,53.9,43
57,UCF,B12,78.1,57,+1.9,13,+3.1,7,+0.7,93,+0.8,86,-0.3,220,+0.2,173,2.31,74,26.1,302,21.6,263
58,UCLA,B10,78.1,58,+1.2,53,+1.4,44,+0.9,81,+1.0,50,-0.1,196,+1.3,66,2.23,88,35.9,76,34.0,185
59,Alabama,SEC,78.1,59,+2.4,5,+1.6,33,+3.1,1,+0.4,125,-0.6,263,-0.1,208,2.97,11,38.5,39,44.7,102
60,Utah Valley,WAC,78.1,60,+0.5,110,+0.2,160,+0.9,83,+0.5,116,+1.4,40,+1.4,61,0.76,334,37.6,49,34.3,181
61,Penn St.,B10,78.1,61,+0.9,73,+0.8,98,+0.9,67,+0.7,91,+1.7,20,+0.2,161,2.48,58,31.2,187,58.3,29
62,Boise St.,MWC,78.0,62,+0.1,160,-0.4,220,+0.6,101,+1.9,11,+1.9,12,+0.2,176,2.11,111,31.6,174,33.8,188
63,Arizona,B12,78.0,63,+0.6,94,+1.3,52,+0.0,168,+0.1,170,+0.7,91,+2.0,23,2.76,26,30.7,202,38.9,145
64,Michigan St.,B10,78.0,64,+1.8,18,+2.0,19,+1.6,35,-0.3,225,-0.2,203,+0.9,95,1.63,214,42.1,14,46.1,91
65,Clemson,ACC,78.0,65,+1.6,26,+1.6,32,+1.5,37,+0.4,134,+0.4,136,+0.0,194,3.01,9,26.0,303,46.3,90
66,Northern Iowa,MVC,78.0,66,+0.3,133,+0.3,148,+0.3,134,+0.6,102,+1.0,69,+1.7,41,1.74,184,32.3,159,47.9,80
67,Louisiana Monroe,SB,78.0,67,+0.9,71,+1.5,43,+0.3,129,-0.4,243,+0.7,91,+1.8,37,1.66,203,21.7,353,59.9,22
68,VCU,A10,78.0,68,+1.2,47,+0.6,109,+1.9,17,-0.0,184,+1.0,71,+0.4,150,2.62,42,35.0,95,52.4,50
69,Texas,SEC,78.0,69,+0.5,108,+0.9,90,+0.1,154,+1.0,52,+0.6,117,+1.2,73,2.88,20,31.6,173,17.9,286
70,Stetson,ASun,78.0,70,+1.1,56,+1.5,38,+0.8,87,+0.9,65,+1.4,38,-0.9,266,0.85,325,35.4,89,18.7,281
71,Wisconsin,B10,78.0,71,+1.3,43,+2.2,12,+0.4,121,-0.2,219,+0.7,91,+0.6,131,2.65,36,30.1,217,48.0,78
72,Louisville,ACC,78.0,72,+1.0,63,+1.6,33,+0.4,120,+0.9,65,-0.0,191,+0.9,95,3.17,4,23.6,338,0.1,352
73,Stephen F. Austin,Slnd,77.9,73,-0.0,181,-0.0,191,-0.0,173,+0.9,62,+1.7,20,+1.2,80,1.71,194,33.0,140,46.7,88
74,Kansas,B12,77.9,74,+1.9,15,+3.5,2,+0.3,137,+0.7,93,-0.2,207,-0.6,243,3.63,1,30.0,222,43.2,115
75,Georgia Tech,ACC,77.9,75,+1.0,62,+0.7,104,+1.3,43,+0.6,100,-0.3,220,+1.3,65,1.99,128,29.5,239,28.7,222
76,Rice,Amer,77.9,76,+1.0,65,+1.1,76,+0.9,82,+0.2,155,+0.7,91,+0.8,117,1.87,150,37.1,53,19.3,277
77,Florida,SEC,77.9,77,+1.5,28,+1.3,54,+1.8,23,-0.5,251,+0.0,182,+0.9,94,2.41,64,29.0,254,51.6,57
78,San Diego,WCC,77.9,78,+1.8,19,+1.1,70,+2.4,4,+0.9,59,+0.0,183,-1.0,281,0.52,354,43.3,6,25.5,239
79,UNC Wilmington,CAA,77.9,79,+0.5,112,+1.1,71,-0.1,178,+1.2,41,+1.0,64,+0.2,164,2.70,32,39.6,25,35.4,166
80,Iowa St.,B12,77.9,80,+1.2,50,+0.9,86,+1.5,39,-0.2,221,+0.7,91,+0.6,136,2.83,22,28.1,274,55.7,38
82,Queens,ASun,77.9,81,+0.4,125,+0.9,87,-0.1,179,+0.4,137,+1.2,57,+1.0,87,1.73,187,35.2,92,44.2,109
83,Western Michigan,MAC,77.9,82,+0.8,80,+0.2,165,+1.4,42,+0.3,141,+0.6,120,+1.0,91,1.18,287,38.7,35,32.0,200
84,Hawaii,BW,77.9,83,+1.3,45,+0.6,109,+2.0,13,+0.9,82,+0.2,156,-0.3,231,1.58,219,40.1,22,25.0,245
85,Wake Forest,ACC,77.8,84,+0.7,89,+1.5,41,-0.1,179,+0.1,171,+0.9,73,+0.8,115,2.14,105,24.1,330,52.2,53
86,TCU,B12,77.8,85,+0.6,103,+0.7,105,+0.5,116,+0.9,55,+0.2,163,+0.9,95,1.98,130,35.5,86,7.4,331
87,Furman,SC,77.8,86,+1.3,46,+1.5,36,+1.0,59,+1.1,45,+0.1,180,-0.6,244,1.23,276,30.8,200,44.5,106
88,Troy,SB,77.8,87,-0.1,189,-0.8,255,+0.7,99,+1.3,35,+0.5,128,+1.4,54,1.06,301,38.1,44,65.7,13
89,Oregon St.,WCC,77.8,88,+0.9,72,+0.5,131,+1.3,48,+1.6,24,+0.5,134,-0.8,257,1.43,236,25.3,316,22.1,260
90,Old Dominion,SB,77.8,89,-0.3,214,-0.0,189,-0.5,245,+0.9,65,+2.0,9,+0.6,132,1.45,234,23.7,336,19.9,275
91,Vermont,AE,77.8,90,-0.2,203,-0.9,266,+0.6,111,-0.1,195,+1.3,49,+2.1,21,2.44,61,31.5,180,63.8,16
92,UC Santa Barbara,BW,77.8,91,+0.9,67,+1.2,59,+0.7,96,+0.1,162,+0.1,179,+0.9,95,2.57,48,28.4,262,35.7,164
93,Syracuse,ACC,77.8,92,+0.7,86,+1.1,74,+0.4,123,+0.9,57,+0.7,88,-0.3,228,2.40,67,37.0,55,28.9,218
94,Loyola Chicago,A10,77.8,93,+0.0,173,+0.2,161,-0.1,196,-0.0,181,+0.7,91,+2.1,20,2.49,56,33.3,129,45.5,96
95,UNLV,MWC,77.8,94,+0.7,90,+1.8,28,-0.4,232,+0.9,65,+0.4,135,+0.1,190,2.10,112,29.5,240,27.1,231
96,Washington,B10,77.8,95,+0.3,130,-0.2,207,+0.9,67,+0.4,135,+0.7,91,+1.0,84,2.53,53,34.1,114,9.7,322
97,Wyoming,MWC,77.7,96,+0.3,138,+0.3,146,+0.2,144,+0.9,65,+0.3,143,+0.9,95,1.81,162,39.1,28,10.0,320
98,William & Mary,CAA,77.7,97,-0.6,251,-1.3,300,+0.2,151,+0.6,103,+1.7,20,+1.5,51,1.75,178,41.2,20,41.2,130
99,Yale,Ivy,77.7,98,-0.7,266,-0.7,248,-0.6,251,+0.9,65,+1.6,30,+1.4,55,1.66,205,32.8,146,52.7,49
100,Miami FL,ACC,77.7,99,+0.2,149,+0.0,186,+0.3,128,+1.0,47,+0.6,114,+0.6,133,2.55,49,37.0,56,22.8,257
101,Notre Dame,ACC,77.7,100,+1.0,64,+0.7,107,+1.3,45,-0.7,282,+0.7,91,+0.7,126,2.15,103,28.2,272,66.0,10
102,Central Michigan,MAC,77.7,101,-0.4,234,+0.2,164,-1.0,297,+0.9,65,+1.4,37,+1.0,85,1.52,225,21.7,352,28.3,227
103,Drexel,CAA,77.7,102,-0.6,256,-1.3,301,+0.1,161,+0.6,97,+1.7,20,+1.4,58,0.71,341,25.0,322,18.7,280
104,Tennessee St.,OVC,77.7,103,-0.1,198,+0.4,143,-0.6,262,+0.3,139,+1.6,33,+0.8,114,0.99,309,32.6,150,2.5,347
105,Minnesota,B10,77.7,104,+1.2,51,+1.5,42,+0.9,65,-0.2,217,-0.7,267,+0.9,95,3.14,7,29.5,238,33.2,195
106,Portland St.,BSky,77.7,105,-0.3,213,-0.1,195,-0.4,233,+0.4,127,+1.3,48,+1.2,76,0.98,314,29.7,234,24.6,251
107,George Washington,A10,77.7,106,+0.6,95,+1.1,75,+0.2,147,-0.3,229,+0.1,171,+1.3,67,1.70,197,32.3,161,34.5,178
108,Southern Illinois,MVC,77.7,107,-0.6,260,-0.7,249,-0.5,239,+0.4,136,+1.4,39,+1.6,44,1.44,235,30.8,197,15.4,297
109,Fresno St.,MWC,77.6,108,+1.1,57,+1.1,65,+1.0,58,+0.9,83,+0.3,146,-1.2,295,0.45,356,28.1,276,11.5,310
110,Charleston,CAA,77.6,109,+0.8,74,+1.1,67,+0.6,108,-0.6,261,-0.3,220,+1.4,63,2.09,115,30.0,223,24.6,250
111,Kennesaw St.,CUSA,77.6,110,-0.3,223,-1.1,282,+0.4,125,+0.6,105,+1.1,60,+1.1,83,1.23,275,29.3,245,29.6,214
112,Buffalo,MAC,77.6,111,+0.5,111,+0.2,154,+0.8,88,-0.5,246,-0.1,198,+1.7,42,0.71,340,30.5,207,31.3,204
113,Jacksonville St.,CUSA,77.6,112,+0.4,121,+1.0,81,-0.1,179,+0.9,80,+1.1,61,-0.8,256,1.66,207,30.8,198,20.0,273
114,Northeastern,CAA,77.6,113,-0.9,301,-1.0,273,-0.9,294,-0.0,182,+1.6,31,+2.4,14,1.60,216,28.3,266,43.5,112
115,Pacific,WCC,77.6,114,-0.0,184,+0.6,125,-0.6,259,-0.4,244,+0.7,91,+1.8,38,1.34,253,20.2,360,3.6,342
116,UC San Diego,BW,77.6,115,-1.3,320,-1.5,322,-1.1,305,+0.4,123,+1.5,36,+2.6,10,1.12,293,22.6,345,42.9,117
117,Northern Arizona,BSky,77.6,116,-0.2,206,-0.5,228,+0.1,159,+0.9,65,+1.2,58,+0.2,163,2.23,87,29.6,236,50.5,62
118,Coastal Carolina,SB,77.6,117,+1.4,39,+3.0,8,-0.2,206,+0.3,138,-0.3,218,-0.9,275,0.72,337,31.5,176,6.4,334
119,Detroit Mercy,Horz,77.6,118,+0.1,162,-0.2,204,+0.4,126,+0.2,156,+1.0,68,+0.5,139,0.99,311,35.9,75,8.5,327
120,Northern Kentucky,Horz,77.6,119,-0.2,209,-0.6,235,+0.2,150,-0.1,189,+0.7,91,+1.6,45,1.91,143,24.7,326,51.7,55
121,George Mason,A10,77.5,120,+0.5,114,+0.5,136,+0.5,115,+0.1,163,+0.7,91,-0.1,201,2.82,24,34.2,112,36.6,156
123,North Dakota,Sum,77.5,121,-0.1,199,-0.6,234,+0.4,127,+0.9,61,+0.5,132,+0.6,129,1.05,303,29.9,224,42.2,120
124,Temple,Amer,77.5,122,+0.2,142,+0.3,149,+0.1,160,-0.3,230,+0.7,91,+0.9,93,2.47,59,27.1,287,34.1,183
125,Florida Atlantic,Amer,77.5,123,+1.3,44,+2.0,16,+0.6,110,+0.5,112,-1.3,327,-0.1,208,2.04,119,33.1,139,2.8,346
126,South Carolina St.,MEAC,77.5,124,-0.0,180,+0.5,127,-0.6,250,+0.9,65,+0.5,130,+0.3,155,1.33,257,43.2,8,64.6,15
127,San Francisco,WCC,77.5,125,+0.7,84,+1.3,49,+0.2,148,+0.6,98,+0.1,168,-0.6,247,1.82,160,34.1,113,45.3,99
128,Presbyterian,BSth,77.5,126,-0.4,230,-1.0,279,+0.2,141,+0.9,54,+0.5,125,+0.9,95,1.72,191,30.9,195,44.7,103
129,Maryland,B10,77.5,127,+0.7,85,+0.3,145,+1.1,51,-0.6,266,+0.5,126,+0.1,185,2.11,110,27.5,282,25.0,246
130,Appalachian St.,SB,77.5,128,+1.6,23,+1.4,46,+1.9,18,+0.5,121,-1.2,307,-1.0,282,2.27,76,25.2,318,22.8,256
131,South Carolina,SEC,77.5,129,+0.5,119,+0.4,142,+0.5,112,+1.4,33,+0.2,159,-1.0,280,1.93,134,32.8,143,46.1,92
132,Quinnipiac,MAAC,77.5,130,-0.5,241,-1.0,278,+0.1,163,+1.0,48,+1.2,55,+0.2,177,1.78,170,32.4,157,59.3,25
133,Oregon,B10,77.5,131,+1.7,21,+1.7,30,+1.8,25,-0.1,195,-0.9,285,-0.9,276,2.69,34,29.4,243,40.6,132
134,Toledo,MAC,77.5,132,-0.3,216,-0.5,225,-0.1,179,+1.2,37,+0.6,116,+0.2,166,1.86,153,27.4,284,48.3,76
135,Campbell,CAA,77.5,133,-0.6,258,-1.1,286,-0.1,194,-0.1,195,+1.3,52,+1.5,52,1.66,206,26.8,294,31.5,202
136,Kansas City,Sum,77.5,134,-0.9,302,-1.2,294,-0.7,278,+0.6,106,+1.4,41,+1.3,68,1.39,246,31.7,171,59.6,23
137,Idaho St.,BSky,77.5,135,+0.3,129,+0.8,99,-0.1,191,+0.4,130,+0.4,139,-0.1,205,0.66,348,24.9,323,21.8,262
138,South Dakota,Sum,77.5,136,-0.3,212,+0.9,94,-1.4,335,-1.1,311,+0.7,91,+2.3,15,1.83,157,38.9,30,49.7,67
139,Eastern Washington,BSky,77.5,137,-0.7,264,-0.8,256,-0.5,243,+0.1,164,+0.9,76,+1.6,46,0.31,360,33.2,133,9.5,324
140,Texas A&M,SEC,77.5,138,-0.5,243,-0.9,269,-0.1,175,+1.0,49,+0.9,78,+0.4,152,2.95,13,41.1,21,67.6,8
141,Boston University,PL,77.5,139,+0.3,135,+0.7,103,-0.1,193,-0.1,195,+0.5,129,+0.2,167,1.37,251,36.6,64,64.7,14
142,Nebraska Omaha,Sum,77.4,140,+0.0,174,-0.9,268,+0.9,67,+0.6,109,-0.2,208,+0.8,119,1.78,172,31.7,170,46.0,93
143,Marshall,SB,77.4,141,-0.2,208,-0.8,253,+0.3,130,-0.0,187,+0.8,81,+0.8,121,2.28,75,25.4,315,38.5,149
144,Jacksonville,ASun,77.4,142,+0.2,146,-0.4,213,+0.8,89,+0.2,152,-0.4,244,+0.9,95,1.56,222,35.1,94,38.6,148
145,Purdue,B10,77.4,143,+0.9,68,+1.0,82,+0.9,67,-0.1,194,+0.1,167,-0.9,271,1.72,190,31.5,179,54.3,42
146,Saint Joseph's,A10,77.4,144,+0.6,100,+0.1,167,+1.1,55,-0.1,215,-1.0,296,+0.9,95,2.21,90,23.9,333,53.5,46
147,Virginia Tech,ACC,77.4,145,+0.2,143,+0.1,175,+0.3,133,+0.1,160,+1.2,56,-0.8,255,1.05,302,38.7,37,14.8,298
148,Villanova,BE,77.4,146,+0.4,128,+0.5,129,+0.2,146,-0.1,195,+1.3,50,-0.9,273,2.83,23,22.4,346,24.8,248
149,Charlotte,Amer,77.4,147,-0.3,217,-0.7,247,+0.1,155,-0.1,192,-0.3,220,+1.9,27,1.75,182,31.4,182,34.6,175
150,Delaware,CAA,77.4,148,-1.1,312,-1.4,306,-0.9,290,-0.1,195,+0.8,82,+2.5,11,1.10,297,24.0,332,28.4,226
151,Rhode Island,A10,77.4,149,+0.6,93,+1.1,64,+0.1,158,-0.4,245,-0.2,213,+0.2,171,2.24,82,33.1,138,37.8,152
152,Kansas St.,B12,77.4,150,+1.2,55,+0.9,85,+1.4,41,-0.6,263,+0.7,112,-1.6,315,2.59,46,23.5,339,15.9,295
153,West Virginia,B12,77.4,151,+0.2,141,-0.1,198,+0.6,104,+0.4,132,+0.1,175,-0.2,223,2.18,95,27.9,279,0.0,356
154,Incarnate Word,Slnd,77.4,152,-0.3,218,-0.7,246,+0.1,156,+0.1,175,+0.5,122,+0.8,116,1.90,146,25.5,313,28.4,225
155,Gonzaga,WCC,77.4,153,+0.8,83,+0.6,122,+0.9,66,+0.4,131,-0.2,210,-0.9,272,2.97,10,32.3,158,71.4,4
156,Georgia Southern,SB,77.4,154,+0.2,147,-0.4,213,+0.8,90,+0.9,63,+0.1,173,-0.6,246,1.24,272,41.7,16,37.6,153
157,Ball St.,MAC,77.4,155,+0.5,107,+0.5,134,+0.6,109,-0.1,195,-0.1,192,-0.1,208,2.42,63,29.7,232,27.2,230
158,CSUN,BW,77.4,156,-0.9,290,-1.1,283,-0.7,266,+0.5,110,+0.7,91,+1.3,70,1.84,156,29.0,255,28.7,220
159,Delaware St.,MEAC,77.4,157,+1.3,40,+0.9,89,+1.8,24,-0.7,274,-1.3,315,+0.1,191,1.72,189,22.2,348,38.5,150
160,Radford,BSth,77.3,158,+0.1,152,-0.1,196,+0.4,124,-0.3,224,+0.5,127,+0.2,170,0.99,310,36.1,72,12.0,309
161,Utah St.,MWC,77.3,159,+0.4,124,+1.2,60,-0.3,225,-1.2,324,-0.3,220,+1.4,57,2.15,101,36.5,65,34.7,173
162,Miami OH,MAC,77.3,160,+0.2,140,+0.9,91,-0.4,229,+0.6,96,+0.2,166,-0.6,248,1.28,265,32.3,160,38.8,146
164,Colgate,PL,77.3,161,-0.1,201,+0.8,97,-1.1,305,+0.0,178,+0.3,150,+0.6,134,1.22,279,36.2,68,49.6,68
165,Indiana St.,MVC,77.3,162,-0.8,280,-1.0,272,-0.7,263,+0.9,65,+1.2,59,+0.2,174,1.11,295,35.8,78,3.1,343
166,Drake,MVC,77.3,163,-1.3,323,-1.7,335,-0.9,293,-0.1,190,+0.9,74,+2.4,13,0.35,358,23.7,337,5.4,338
167,Morehead St.,OVC,77.3,164,-0.1,190,+0.4,144,-0.5,246,-1.1,311,+0.7,91,+1.2,78,1.65,211,38.8,34,16.4,294
168,Towson,CAA,77.3,165,-0.2,210,-0.4,213,-0.1,177,+0.6,104,+0.8,85,-0.4,235,2.17,97,36.8,60,74.0,1
169,Eastern Michigan,MAC,77.3,166,+0.1,155,-0.7,239,+0.9,67,+1.1,43,-0.1,199,-0.8,264,1.79,167,23.4,341,28.6,224
170,Charleston Southern,BSth,77.3,167,+0.1,158,+0.3,150,-0.1,179,+0.7,92,+0.3,151,-0.8,261,2.26,80,20.5,359,33.7,189
171,Texas A&M Corpus Chris,Slnd,77.3,168,+0.1,165,-0.8,251,+0.9,67,+0.3,140,-0.5,252,+0.4,148,1.29,262,43.1,9,53.6,45
172,Stony Brook,CAA,77.3,169,-0.8,283,-0.6,232,-1.1,305,+0.0,179,+0.1,169,+1.9,27,2.02,124,25.7,311,25.1,242
173,Abilene Christian,WAC,77.3,170,-0.7,271,-0.5,224,-0.9,289,-0.3,226,+0.7,91,+1.3,69,1.36,252,35.5,85,34.6,176
174,Providence,BE,77.3,171,+0.2,148,+0.9,84,-0.6,253,-0.3,232,-0.6,261,+0.9,95,2.00,127,33.6,124,34.2,182
175,Bethune Cookman,SWAC,77.3,172,-0.8,278,-1.5,321,-0.1,179,+0.9,58,+0.1,178,+0.9,95,1.69,199,32.6,151,18.5,283
176,Maine,AE,77.2,173,+0.0,176,+0.6,120,-0.6,254,+0.1,159,-0.2,209,+0.2,168,2.24,83,24.4,329,52.3,52
177,Loyola MD,PL,77.2,174,-0.5,246,+0.6,109,-1.6,344,-0.8,284,+0.6,118,+1.3,64,1.25,271,25.1,319,45.3,98
178,DePaul,BE,77.2,175,+0.1,164,+0.0,185,+0.2,152,+0.6,108,-1.3,315,+0.7,123,2.19,91,40.1,23,0.0,357
179,Western Illinois,OVC,77.2,176,-0.6,252,-1.0,277,-0.1,195,+0.6,99,+0.3,145,+0.3,160,1.29,263,26.9,291,22.6,258
180,Middle Tennessee,CUSA,77.2,177,+0.4,127,+0.3,152,+0.5,117,-0.5,259,-0.3,220,+0.2,179,2.53,54,30.6,203,42.2,119
181,North Texas,Amer,77.2,178,+0.5,118,-0.4,213,+1.3,44,+0.2,154,-1.0,295,-0.1,208,2.89,17,33.2,136,16.8,291
182,UNC Asheville,BSth,77.2,179,+0.1,153,-0.6,231,+0.8,86,+0.8,90,+0.9,75,-1.9,330,2.19,92,20.9,356,39.8,138
183,SIUE,OVC,77.2,180,+0.6,102,+0.5,138,+0.7,92,-1.1,311,+0.1,181,-0.1,208,1.53,224,24.6,327,36.5,160
184,Cal St. Fullerton,BW,77.2,181,+0.1,157,+0.2,162,+0.1,164,-0.1,193,-0.5,256,+0.4,147,0.98,313,45.3,2,29.7,212
185,New Hampshire,AE,77.2,182,-0.1,191,+0.3,151,-0.5,238,-1.0,302,-0.2,214,+1.4,59,0.54,353,36.2,69,10.3,319
186,Xavier,BE,77.2,183,+0.5,115,+0.1,180,+0.9,67,+0.1,169,-0.1,195,-1.0,278,3.53,2,26.0,304,26.6,232
187,Oklahoma,SEC,77.2,184,+0.3,139,+0.9,93,-0.3,224,-0.5,247,-0.4,242,+0.3,158,2.35,69,33.3,131,24.8,247
188,South Dakota St.,Sum,77.2,185,+0.7,91,+1.5,40,-0.1,197,-1.2,322,-0.4,246,+0.2,169,0.78,333,29.7,233,20.2,272
189,Mississippi St.,SEC,77.2,186,+0.3,137,+0.6,109,-0.0,174,+0.5,115,+0.8,83,-2.0,333,2.27,77,33.2,134,41.6,126
190,Western Carolina,SC,77.2,187,+0.6,104,+0.3,153,+0.9,67,-0.7,271,+0.1,177,-0.7,254,0.56,352,35.5,83,9.8,321
191,Florida A&M,SWAC,77.2,188,+0.9,69,+0.9,92,+1.0,60,-0.9,290,-0.3,241,-0.8,260,0.70,342,41.4,18,26.4,235
192,Southern Utah,WAC,77.2,189,+0.2,144,-0.2,205,+0.6,106,-0.1,195,+0.2,155,-0.7,251,1.16,290,38.0,46,29.1,217
193,LSU,SEC,77.2,190,+0.6,105,+0.4,139,+0.7,95,-0.2,216,-0.3,220,-0.9,270,2.12,107,34.3,111,12.8,303
194,Holy Cross,PL,77.2,191,-1.6,346,-2.2,357,-1.1,305,+0.9,65,+1.8,18,+0.3,154,1.11,296,28.5,260,45.7,94
195,Tennessee,SEC,77.2,192,+1.2,48,+1.2,56,+1.3,47,-0.4,239,+0.7,91,-3.1,355,2.91,15,25.1,321,36.5,158
196,Saint Peter's,MAAC,77.1,193,-0.2,207,+0.1,177,-0.5,240,-0.4,241,+0.4,138,-0.0,195,1.17,289,34.5,107,41.2,129
197,Chicago St.,NEC,77.1,194,-1.7,350,-1.5,325,-1.9,354,-0.1,195,+0.7,89,+2.2,18,0.79,331,34.5,108,18.3,284
198,Hofstra,CAA,77.1,195,-0.3,224,+0.1,179,-0.7,279,-1.4,330,-0.3,220,+1.9,27,1.42,240,33.6,125,22.2,259
199,Grambling St.,SWAC,77.1,196,+0.3,136,-0.1,194,+0.7,98,-0.5,249,-0.9,284,+0.2,178,0.92,318,29.8,225,34.4,180
200,Colorado St.,MWC,77.1,197,-0.6,262,-1.1,287,-0.2,202,+0.4,122,+0.6,121,-0.3,229,2.41,65,31.5,181,34.1,184
201,UC Irvine,BW,77.1,198,+0.8,76,+2.6,10,-1.0,296,-1.1,311,-1.0,297,-0.2,224,1.78,169,31.2,186,44.6,104
202,UC Riverside,BW,77.1,199,+1.1,59,+0.5,137,+1.7,28,-0.7,273,-1.2,308,-0.9,274,1.23,277,32.5,153,56.8,34
203,Norfolk St.,MEAC,77.1,200,+0.8,81,+1.1,68,+0.4,118,-0.9,300,-1.3,313,-0.0,196,2.17,98,35.0,97,44.2,108
205,High Point,BSth,77.1,201,+0.7,92,+1.5,39,-0.1,199,-1.6,338,-0.5,251,+0.0,193,2.38,68,33.7,119,53.4,47
206,Lamar,Slnd,77.1,202,+0.9,70,+0.6,109,+1.2,50,+0.2,157,-1.9,345,-0.8,262,1.21,282,29.8,228,48.0,77
207,California,ACC,77.0,203,+0.1,156,-0.0,188,+0.2,140,+1.7,20,-1.3,314,-1.4,304,2.34,73,36.3,67,0.5,350
208,Baylor,B12,77.0,204,-0.3,225,-0.5,226,-0.2,201,-0.2,220,+0.0,186,+0.1,183,2.72,31,28.8,257,26.5,234
209,Louisiana Tech,CUSA,77.0,205,+0.1,167,+0.8,102,-0.6,256,-0.9,288,-0.2,212,+0.1,182,1.24,273,26.8,293,39.1,141
210,McNeese,Slnd,77.0,206,-0.8,279,-0.7,241,-0.9,288,+0.1,167,+0.1,172,+0.6,137,2.76,27,34.9,98,42.0,121
211,Oklahoma St.,B12,77.0,207,-0.1,187,-0.3,208,+0.2,149,+0.5,117,-0.0,187,-1.2,297,2.88,19,43.3,7,17.3,287
212,Murray St.,MVC,77.0,208,-1.1,307,-2.0,350,-0.1,179,+0.3,145,-0.0,190,+1.0,86,2.85,21,22.9,343,40.3,134
213,Valparaiso,MVC,77.0,209,+0.1,159,+0.2,157,+0.0,170,-1.5,333,-0.3,220,+0.7,122,1.38,249,29.3,244,34.8,172
214,Bradley,MVC,77.0,210,+1.1,58,+1.1,66,+1.1,56,+1.5,30,-0.1,200,-4.5,364,1.98,129,29.2,248,59.5,24
215,Arkansas Pine Bluff,SWAC,77.0,211,+0.1,169,-0.5,221,+0.6,107,+0.5,119,-0.1,201,-1.4,306,0.63,350,44.2,3,4.2,340
216,San Jose St.,MWC,77.0,212,-0.8,289,+0.1,176,-1.8,351,-0.1,195,+0.1,170,+0.7,124,1.89,148,28.1,275,6.7,333
217,Stonehill,NEC,77.0,213,-0.8,286,-1.4,306,-0.3,211,-0.8,286,+0.7,111,+0.8,120,1.23,274,31.0,192,31.8,201
218,Mount St. Mary's,MAAC,77.0,214,-0.2,205,-0.7,243,+0.3,132,-0.0,185,-1.1,300,+0.4,149,1.41,242,31.2,188,34.5,179
219,Sacramento St.,BSky,77.0,215,+0.4,126,+1.0,77,-0.2,207,-0.5,252,-0.5,253,-0.9,269,0.79,330,32.4,155,31.1,205
220,Siena,MAAC,77.0,216,+0.6,99,+1.2,55,+0.0,169,-0.0,183,-0.6,262,-1.8,324,0.47,355,27.0,289,6.4,335
221,N.C. State,ACC,77.0,217,-0.1,202,+0.6,124,-0.8,286,-0.9,297,+0.0,184,-0.0,199,2.47,60,32.0,166,41.5,127
222,James Madison,SB,77.0,218,+0.4,122,+1.2,57,-0.4,227,+0.1,174,-0.8,281,-1.4,301,2.34,71,30.4,212,10.7,316
223,Winthrop,BSth,77.0,219,-0.8,281,-1.3,302,-0.3,223,-0.6,268,+0.3,140,+0.6,130,2.65,37,34.6,105,57.6,31
224,Ohio St.,B10,76.9,220,-0.0,183,+1.0,78,-1.1,305,+0.4,128,-1.3,315,-0.3,233,2.16,100,32.2,162,31.4,203
225,Cornell,Ivy,76.9,221,-0.6,259,-0.8,252,-0.5,236,-1.1,310,-0.2,211,+1.1,81,1.43,237,31.1,190,58.6,27
226,Robert Morris,Horz,76.9,222,-0.5,239,-0.7,238,-0.3,208,-0.1,195,+0.2,165,-0.5,239,1.41,241,29.1,252,12.0,308
227,LIU,NEC,76.9,223,-1.3,319,-1.4,320,-1.2,322,-0.1,195,+0.8,86,+0.5,138,1.01,308,29.5,241,10.3,318
228,Northern Colorado,BSky,76.9,224,-0.5,244,-0.3,210,-0.7,276,-1.2,323,-0.3,220,+1.1,82,2.10,113,24.6,328,48.3,75
229,East Carolina,Amer,76.9,225,-0.9,295,-1.1,290,-0.7,265,-1.3,325,-0.3,220,+1.9,27,2.67,35,21.5,355,28.7,221
230,Boston College,ACC,76.9,226,-0.5,245,-0.4,219,-0.6,255,-0.9,298,-0.3,220,+0.8,118,1.75,180,36.9,59,14.7,299
231,VMI,SC,76.9,227,-1.0,305,-1.4,306,-0.7,267,-0.7,272,+0.2,154,+1.0,89,0.73,336,25.9,307,10.5,317
232,Canisius,MAAC,76.9,228,-0.9,291,-1.4,306,-0.3,222,+0.2,158,+0.3,141,-0.3,230,1.21,281,24.0,331,12.6,304
233,Tennessee Martin,OVC,76.9,229,-0.8,282,-1.5,327,-0.1,179,+1.0,53,-0.8,274,-0.1,206,0.30,361,38.5,38,0.0,357
234,Arkansas St.,SB,76.9,230,-0.6,257,-0.5,227,-0.7,269,-0.5,260,+0.0,185,+0.1,184,2.03,122,30.2,215,41.9,122
235,Saint Louis,A10,76.9,231,+0.2,150,+0.2,156,+0.1,162,+0.0,176,+1.0,66,-3.0,353,2.95,14,14.2,364,25.4,240
236,Houston,B12,76.9,232,-0.6,254,-1.4,306,+0.2,143,-0.6,269,-0.1,202,+0.3,159,2.61,44,30.3,213,66.0,9
237,Rider,MAAC,76.9,233,-0.9,300,-0.7,244,-1.2,323,-0.3,227,+0.3,147,+0.2,172,1.68,201,32.6,148,33.9,186
238,UTEP,CUSA,76.9,234,-0.8,284,-0.4,212,-1.3,330,-0.3,231,+0.2,160,+0.1,192,1.51,226,31.0,191,56.1,37
239,Youngstown St.,Horz,76.8,235,+0.4,123,+2.0,21,-1.1,305,+0.1,166,-0.8,278,-2.0,331,1.86,155,33.8,116,14.5,300
240,Sacred Heart,MAAC,76.8,236,-1.2,314,-1.3,303,-1.1,305,+0.0,177,+0.3,152,+0.3,156,1.26,268,35.8,79,12.5,305
241,Maryland Eastern Shore,MEAC,76.8,237,-0.5,247,-1.1,284,+0.0,171,+0.2,150,+0.1,176,-1.1,284,0.61,351,35.8,80,0.0,357
242,Marist,MAAC,76.8,238,-0.9,292,-1.2,297,-0.5,244,-0.2,218,-0.2,204,+0.2,162,1.22,278,28.0,278,51.6,56
243,Le Moyne,NEC,76.8,239,-0.2,211,-1.4,306,+0.9,67,-0.5,255,-0.8,276,-0.1,221,1.05,304,36.7,61,29.7,213
244,FIU,CUSA,76.8,240,-0.0,178,+0.6,108,-0.7,264,-0.9,291,-0.9,293,-0.1,200,1.22,280,34.4,110,37.3,154
246,Idaho,BSky,76.8,241,-0.5,249,-1.0,274,-0.1,179,+0.4,133,-0.7,270,-0.5,242,0.70,345,33.4,127,32.3,199
247,Oakland,Horz,76.8,242,-1.6,345,-2.2,358,-1.1,304,+0.5,120,+0.8,87,+0.1,186,1.26,269,31.8,168,25.9,238
248,Coppin St.,MEAC,76.8,243,-0.6,255,-1.4,306,+0.2,145,+0.8,87,-0.1,193,-1.5,310,0.81,328,32.8,145,20.0,274
249,Florida Gulf Coast,ASun,76.8,244,-0.8,287,-1.1,285,-0.6,258,-0.4,238,+0.2,164,-0.1,203,2.15,102,26.4,299,35.3,169
250,Eastern Kentucky,ASun,76.8,245,-0.4,233,-0.6,236,-0.2,200,+0.3,146,-0.6,259,-0.9,277,1.43,238,32.0,167,23.5,254
251,Cal St. Bakersfield,BW,76.8,246,-1.4,330,-1.7,334,-1.1,305,-0.4,237,+0.7,91,+0.4,151,1.37,250,34.5,106,38.8,147
252,Duquesne,A10,76.8,247,-0.1,196,-0.7,245,+0.5,114,+0.4,129,+0.3,148,-2.6,338,2.24,85,37.6,48,36.3,161
253,Lindenwood,OVC,76.8,248,-1.1,313,-0.2,206,-2.1,359,-0.7,281,-0.0,189,+0.9,92,0.94,315,32.5,154,14.0,301
254,UMBC,AE,76.8,249,-1.4,335,-1.7,338,-1.1,305,-0.8,283,-0.0,188,+1.4,53,1.74,185,28.3,268,50.4,64
255,Seattle,WAC,76.8,250,-0.0,185,-0.8,261,+0.7,91,-1.6,337,-0.4,245,-0.1,217,2.01,125,36.0,74,38.4,151
256,UT Arlington,WAC,76.8,251,+0.5,116,+0.3,147,+0.6,102,-0.7,279,-1.0,299,-1.4,303,1.72,193,31.4,184,11.2,314
257,Bucknell,PL,76.8,252,+1.0,61,+1.8,27,+0.3,138,-1.1,311,-1.4,332,-1.8,325,1.73,188,27.0,288,62.5,19
258,Penn,Ivy,76.8,253,-0.2,204,-0.1,192,-0.3,216,-0.4,242,-0.1,194,-1.4,302,1.49,231,33.7,118,46.5,89
259,La Salle,A10,76.8,254,+0.1,166,-0.1,197,+0.3,139,-0.4,240,-1.1,304,-0.9,268,1.92,138,29.7,231,34.6,174
260,Niagara,MAAC,76.8,255,-0.9,298,-0.1,199,-1.7,345,-0.4,234,-0.3,219,+0.3,157,1.26,266,38.3,42,0.0,357
261,East Tennessee St.,SC,76.8,256,-0.3,222,+0.1,172,-0.8,282,-0.6,267,-0.9,288,-0.1,208,2.07,118,28.4,264,63.3,17
262,Gardner Webb,BSth,76.8,257,-0.8,285,-0.8,254,-0.9,287,+0.9,65,+0.1,174,-1.6,313,1.76,173,31.1,189,29.3,216
263,Richmond,A10,76.8,258,+1.0,60,+1.1,72,+1.0,61,+1.2,36,-2.5,354,-3.1,356,2.23,86,37.5,50,30.4,209
264,Lipscomb,ASun,76.7,259,+0.6,98,+0.6,123,+0.7,97,-2.1,356,-0.4,243,-1.1,288,2.63,39,26.0,305,43.5,113
265,The Citadel,SC,76.7,260,-1.7,348,-2.2,359,-1.1,305,+0.5,111,+0.6,115,-0.2,222,0.31,359,32.5,152,12.3,306
266,Sam Houston St.,CUSA,76.7,261,+0.1,161,+0.5,135,-0.3,218,-0.1,195,-0.8,282,-1.6,314,1.34,254,31.5,178,35.4,168
267,Columbia,Ivy,76.7,262,-0.0,182,+0.0,182,-0.1,192,-1.5,335,-1.3,315,+0.5,142,2.18,93,32.8,144,68.8,6
268,UAB,Amer,76.7,263,+0.3,132,-0.4,213,+1.0,57,-1.1,311,-0.9,290,-1.1,286,1.75,181,29.6,235,58.7,26
269,UMass Lowell,AE,76.7,264,-1.3,322,-1.8,343,-0.8,280,-0.0,186,-0.3,217,+0.4,146,2.54,51,24.9,325,55.0,40
270,Hampton,CAA,76.7,265,-0.6,263,-1.2,298,-0.1,179,+0.3,144,-1.1,301,-0.4,237,1.82,159,38.7,36,11.3,312
271,Harvard,Ivy,76.7,266,-1.8,356,-2.2,355,-1.5,339,-0.1,195,+0.7,90,+0.4,145,1.26,270,28.3,271,39.0,143
272,Alabama A&M,SWAC,76.7,267,+0.1,151,+0.5,128,-0.2,205,-0.7,276,-0.5,250,-1.8,326,0.85,327,44.0,4,33.5,190
273,UTSA,Amer,76.7,268,-0.5,238,+0.1,178,-1.0,298,+0.2,149,-0.3,220,-1.7,319,2.43,62,22.8,344,1.0,349
274,Central Arkansas,ASun,76.7,269,+0.3,134,-0.0,187,+0.6,103,-0.1,188,-1.4,335,-1.8,328,0.70,344,31.4,183,17.0,288
275,Massachusetts,A10,76.7,270,-0.1,195,+0.1,168,-0.3,226,-0.9,294,-0.9,294,-0.6,249,1.32,260,30.8,201,50.4,63
276,IU Indy,Horz,76.7,271,-1.2,317,-1.8,339,-0.7,274,-0.1,195,-0.3,216,+0.1,181,0.25,362,22.2,349,0.0,357
277,Wagner,NEC,76.7,272,-0.7,272,-0.8,259,-0.6,248,-0.9,293,-0.3,240,-0.1,208,1.92,140,35.8,77,45.7,95
278,Alabama St.,SWAC,76.6,273,-0.4,237,+0.8,95,-1.7,348,-1.7,342,-0.7,268,+0.5,141,1.59,217,38.0,45,56.7,35
279,Cal Baptist,WAC,76.6,274,-0.1,188,+0.2,166,-0.3,209,+0.1,172,-0.3,220,-2.5,335,2.17,96,34.6,103,26.6,233
280,Wright St.,Horz,76.6,275,-1.1,308,-1.4,306,-0.7,277,+0.3,147,-0.5,255,-0.5,240,2.00,126,29.0,253,47.2,84
281,Milwaukee,Horz,76.6,276,+0.1,171,-0.8,260,+0.9,67,-1.1,321,-1.3,315,-0.6,245,2.10,114,29.4,242,38.9,144
282,Northern Illinois,MAC,76.6,277,-1.6,342,-1.4,305,-1.8,352,-0.1,195,+0.5,124,-0.2,226,1.15,291,29.8,229,11.4,311
283,North Dakota St.,Sum,76.6,278,+0.1,154,+0.6,109,-0.4,228,-1.7,340,-1.1,302,-0.5,241,1.48,232,26.3,300,41.1,131
284,American,PL,76.6,279,-0.4,236,-0.5,229,-0.3,221,+0.9,65,-0.4,248,-2.6,340,2.50,55,33.2,135,72.8,3
285,Southeastern Louisiana,Slnd,76.6,280,-0.0,186,+1.0,79,-1.1,305,-0.2,222,-1.1,306,-1.6,312,2.16,99,30.1,219,21.5,264
287,Texas Tech,B12,76.6,281,-0.4,229,+0.5,130,-1.3,329,-0.5,253,-0.7,266,-1.2,296,2.70,33,30.4,209,40.0,137
288,Montana,BSky,76.6,282,-1.6,343,-1.1,289,-2.1,358,-0.7,277,+0.4,137,+0.4,153,2.55,50,30.1,218,25.3,241
289,Texas St.,SB,76.6,283,-1.3,318,-1.5,323,-1.0,302,+0.3,143,-0.9,291,+0.1,188,1.90,145,35.3,90,42.6,118
290,Tulsa,Amer,76.6,284,-0.6,253,-0.8,250,-0.4,231,-0.9,296,-0.7,269,-0.3,232,2.62,41,36.9,57,32.5,198
291,Northwestern St.,Slnd,76.6,285,-0.3,215,-0.3,209,-0.3,214,+0.2,153,-1.1,305,-1.6,311,0.80,329,38.8,31,8.2,329
292,NJIT,AE,76.6,286,-1.1,311,-1.6,330,-0.7,268,+0.4,126,-0.2,215,-1.1,288,0.69,346,30.8,196,35.4,165
293,North Florida,ASun,76.6,287,-1.4,327,-1.9,345,-0.8,285,+0.7,94,+0.6,113,-1.8,323,1.49,229,33.8,117,46.7,87
294,South Florida,Amer,76.5,288,-0.3,226,+0.4,141,-1.1,319,-0.1,195,-0.4,249,-2.0,332,2.04,120,37.3,52,35.9,163
295,North Carolina Central,MEAC,76.5,289,-1.4,332,-1.0,275,-1.8,350,-0.8,287,+0.5,133,-0.1,207,1.46,233,32.6,147,45.2,100
296,Nicholls,Slnd,76.5,290,-0.9,297,-1.4,306,-0.4,234,-0.5,254,-0.9,292,-0.1,218,1.94,133,36.1,71,56.2,36
297,Cleveland St.,Horz,76.5,291,-0.4,228,-0.5,223,-0.3,213,-1.0,304,-1.6,339,-0.1,208,1.80,163,28.3,265,33.8,187
298,Cal Poly,BW,76.5,292,-2.2,362,-2.4,360,-2.1,359,-0.5,257,+0.2,158,+1.2,74,0.87,323,30.4,210,19.6,276
299,Eastern Illinois,OVC,76.5,293,-1.1,309,-1.3,304,-0.8,283,-1.8,345,-0.5,254,+0.9,95,1.02,307,30.5,206,34.9,171
300,Princeton,Ivy,76.5,294,-0.7,265,-1.1,291,-0.2,204,-0.6,262,-0.9,289,-0.8,263,1.62,215,29.2,250,62.6,18
301,Bellarmine,ASun,76.5,295,-1.3,321,-1.9,346,-0.7,273,-0.6,265,-0.3,220,-0.1,220,1.40,243,42.5,13,30.4,210
302,Samford,SC,76.5,296,-0.4,231,+0.2,155,-1.0,299,-0.7,275,-1.4,333,-0.8,265,1.92,137,38.4,40,30.0,211
303,Wofford,SC,76.5,297,-0.9,299,-0.7,240,-1.1,320,-2.1,356,-0.3,220,+0.6,135,2.12,109,30.8,199,65.8,11
304,Illinois Chicago,MVC,76.5,298,-0.7,269,-0.6,230,-0.8,284,-0.8,285,+0.3,153,-1.8,327,1.96,131,31.8,169,21.1,266
305,USC Upstate,BSth,76.5,299,-1.3,325,-1.5,328,-1.1,305,-1.1,308,-0.2,206,+0.1,187,0.02,363,37.1,54,0.1,354
306,Mercer,SC,76.4,300,-0.7,276,-1.2,299,-0.3,210,+0.4,124,-0.5,257,-2.2,334,1.56,223,28.4,261,18.6,282
307,Vanderbilt,SEC,76.4,301,-1.2,315,-1.9,344,-0.6,252,-0.9,299,+0.2,161,-0.6,250,2.40,66,38.8,33,2.4,348
308,Wichita St.,Amer,76.4,302,-0.3,220,+0.9,88,-1.6,341,-0.7,278,-1.3,312,-1.3,299,2.89,18,30.9,193,50.6,61
309,Iona,MAAC,76.4,303,-0.5,240,-0.9,271,-0.0,172,-1.7,343,-0.4,247,-0.8,259,0.78,332,38.8,32,0.0,357
310,UC Davis,BW,76.4,304,-0.7,268,-0.7,237,-0.7,270,-1.9,350,-0.3,220,-0.4,234,1.59,218,26.4,297,49.6,70
311,Dartmouth,Ivy,76.4,305,-1.0,304,-1.4,306,-0.6,261,+0.2,148,-0.6,258,-1.6,316,1.57,221,27.2,286,51.7,54
312,St. Thomas,Sum,76.4,306,-1.0,306,-1.0,280,-1.1,305,-0.7,280,-1.3,315,+0.2,180,1.33,255,33.2,132,47.7,82
313,Green Bay,Horz,76.4,307,-1.8,358,-1.8,342,-1.8,353,-0.4,236,-0.8,280,+0.9,95,1.18,285,35.4,88,35.4,167
314,Memphis,Amer,76.4,308,-0.1,194,+0.5,132,-0.7,272,-2.0,355,-0.7,271,-1.1,287,3.15,6,23.5,340,11.0,315
315,Bowling Green,MAC,76.4,309,-0.1,192,+0.2,158,-0.4,230,-1.9,349,-1.3,315,-0.7,253,1.32,259,28.2,273,20.6,269
316,Fairleigh Dickinson,NEC,76.4,310,-1.4,333,-1.6,331,-1.2,324,-1.1,307,-0.3,220,+0.1,189,0.99,312,25.1,320,39.1,142
317,Fordham,A10,76.4,311,-0.5,248,-0.6,233,-0.5,242,+0.5,113,-1.7,340,-1.9,329,1.87,152,33.6,122,50.7,59
318,East Texas A&M,Slnd,76.4,312,-0.8,288,-1.4,306,-0.3,217,-0.3,223,-1.5,336,-0.7,252,0.70,343,43.8,5,18.0,285
319,Southern Indiana,OVC,76.4,313,-0.9,293,-1.0,276,-0.8,281,-0.1,195,-0.7,272,-1.6,318,1.03,305,28.8,259,27.5,229
320,West Georgia,ASun,76.3,314,-1.4,334,-1.7,337,-1.1,305,+0.3,142,-0.3,239,-1.5,307,0.00,364,36.0,73,0.0,0
321,Texas Southern,SWAC,76.3,315,-0.0,179,+0.0,183,-0.1,176,-0.4,235,-1.3,328,-2.7,346,1.81,161,39.6,24,39.6,139
322,Chattanooga,SC,76.3,316,+0.1,168,+0.1,173,+0.0,166,+0.8,85,-2.6,357,-2.9,349,1.70,198,33.1,137,32.8,197
323,Ohio,MAC,76.3,317,-0.8,277,-0.9,270,-0.6,257,-1.8,347,-1.1,303,-0.1,204,1.80,166,35.6,82,53.8,44
324,North Carolina,ACC,76.3,318,-0.3,221,-0.2,203,-0.5,237,-1.4,328,-1.6,338,-1.0,279,2.23,89,28.3,269,47.7,83
325,New Mexico St.,CUSA,76.3,319,-0.1,200,+0.1,181,-0.3,220,-2.0,354,-1.3,315,-1.1,285,1.78,171,29.1,251,30.5,208
326,Louisiana,SB,76.3,320,-1.4,329,-1.5,326,-1.2,325,-0.9,301,-0.9,283,-0.1,208,2.04,121,36.1,70,36.1,162
327,Howard,MEAC,76.2,321,-2.0,360,-2.2,356,-1.9,355,-0.5,250,-0.2,205,-0.1,219,1.83,158,25.6,312,33.4,191
328,Western Kentucky,CUSA,76.2,322,-0.3,219,-0.0,190,-0.6,249,-1.5,336,-1.3,311,-1.4,305,1.76,176,38.2,43,57.1,33
329,Mississippi Valley St.,SWAC,76.2,323,-0.7,267,-0.9,267,-0.4,235,-0.5,248,-1.4,334,-1.8,322,1.09,298,36.9,58,24.7,249
330,Dayton,A10,76.2,324,+0.8,75,+1.4,45,+0.2,142,-1.1,305,-3.0,360,-2.6,337,2.96,12,29.3,246,48.3,74
331,Jackson St.,SWAC,76.2,325,-0.1,197,+0.8,100,-1.0,300,-1.1,306,-0.9,287,-2.8,347,1.40,244,42.5,12,11.2,313
332,UT Rio Grande Valley,Slnd,76.2,326,-1.5,338,-1.2,295,-1.7,349,-1.3,326,-1.0,298,+0.2,165,1.73,186,30.4,211,8.2,328
333,Saint Francis,NEC,76.2,327,-1.6,344,-1.6,329,-1.7,346,-0.5,258,-0.8,279,-0.5,238,0.65,349,31.6,172,30.6,207
334,UNC Greensboro,SC,76.2,328,-0.7,274,-1.4,306,+0.0,167,-0.4,233,-0.7,265,-2.7,342,2.07,117,34.7,102,48.0,79
335,Lehigh,PL,76.2,329,-0.5,242,+0.1,171,-1.1,303,-1.4,329,-1.3,315,-1.5,308,1.65,210,32.1,164,58.1,30
336,Mississippi,SEC,76.2,330,-0.7,273,-0.9,265,-0.5,241,-0.9,292,-1.2,309,-1.7,320,3.46,3,30.5,208,40.3,135
337,Illinois St.,MVC,76.2,331,-1.0,303,-0.8,262,-1.2,321,-0.9,295,-0.9,286,-1.5,309,1.92,139,33.0,141,49.8,66
338,Morgan St.,MEAC,76.1,332,-0.1,193,+0.1,170,-0.3,219,-0.6,270,-1.8,343,-2.7,343,1.42,239,34.8,100,70.6,5
339,Southern Miss,SB,76.1,333,-1.5,340,-2.4,361,-0.5,247,-0.5,256,-0.6,260,-1.3,300,1.93,135,28.8,258,20.6,270
340,North Alabama,ASun,76.1,334,-0.4,235,-0.1,200,-0.7,271,-0.9,289,-2.6,355,-1.1,288,1.86,154,20.6,358,31.0,206
341,Fairfield,MAAC,76.1,335,+0.2,145,+0.6,121,-0.2,203,-1.1,309,-1.6,337,-3.3,359,1.66,204,34.9,99,25.1,243
342,Austin Peay,ASun,76.1,336,-1.2,316,-1.0,281,-1.4,336,-2.8,363,-1.3,315,+0.9,95,0.89,321,35.0,96,26.1,236
343,Tarleton St.,WAC,76.0,337,-1.3,326,-1.9,348,-0.7,275,-2.0,353,-1.3,315,+0.2,175,0.37,357,35.1,93,5.6,337
344,Denver,Sum,76.0,338,-0.9,296,-0.8,257,-1.0,301,-1.4,331,-1.8,342,-0.8,258,0.94,316,34.6,104,40.2,136
345,Southern,SWAC,76.0,339,-1.4,331,-0.8,258,-2.0,356,-1.1,311,-0.8,275,-1.3,298,0.68,347,47.0,1,21.5,265
346,Lafayette,PL,76.0,340,+0.0,175,+1.7,29,-1.7,347,-1.3,327,-2.1,346,-2.7,341,1.11,294,34.8,101,49.6,69
347,South Alabama,SB,75.9,341,-1.9,359,-2.5,363,-1.2,326,-0.1,195,-1.4,331,-1.1,288,0.72,339,33.6,121,13.6,302
348,Brown,Ivy,75.9,342,-1.7,352,-1.8,340,-1.6,343,-0.6,264,-1.3,330,-1.1,288,1.72,192,29.5,237,43.3,114
349,Houston Christian,Slnd,75.9,343,-2.2,361,-3.1,364,-1.3,334,-1.8,348,-1.3,315,+0.9,95,0.87,322,29.2,247,9.6,323
350,Missouri St.,MVC,75.8,344,-2.5,363,-2.1,352,-2.9,361,-2.1,356,-0.7,273,+0.9,95,1.18,286,27.6,281,0.1,353
351,North Carolina A&T,CAA,75.8,345,-1.5,339,+0.2,159,-3.1,362,-1.1,311,-0.6,264,-2.6,336,1.03,306,22.0,350,50.8,58
352,Liberty,CUSA,75.7,346,-0.7,275,-1.2,296,-0.3,212,+0.1,168,-3.1,362,-3.0,352,1.91,144,20.9,357,52.3,51
353,Alcorn St.,SWAC,75.7,347,-1.4,328,-1.8,341,-0.9,295,-1.5,332,-2.5,353,-1.1,288,0.92,317,38.3,41,23.4,255
354,Tennessee Tech,OVC,75.6,348,-1.4,337,-1.6,332,-1.2,327,-1.5,334,-2.5,352,-1.1,288,0.91,319,33.7,120,35.0,170
355,Central Connecticut,NEC,75.6,349,-0.6,261,-1.2,293,-0.1,190,-0.1,191,-3.3,363,-3.5,362,1.63,213,30.1,220,50.7,60
356,Oral Roberts,Sum,75.6,350,-1.7,353,-2.1,353,-1.3,333,-1.8,346,-1.9,344,-1.1,283,1.66,209,30.6,204,32.9,196
357,Merrimack,MAAC,75.5,351,-1.6,347,-2.4,361,-0.9,292,-1.1,311,-0.8,277,-3.1,356,1.26,267,21.8,351,41.7,124
358,Southeast Missouri,OVC,75.5,352,-0.7,270,-0.1,193,-1.3,331,-1.9,352,-2.4,350,-2.7,344,0.90,320,31.6,175,45.2,101
359,Utah Tech,WAC,75.5,353,-1.5,341,-1.7,336,-1.3,332,-0.3,228,-2.2,348,-3.0,354,1.66,208,26.2,301,36.5,159
360,Kent St.,MAC,75.5,354,-0.9,294,-0.9,264,-0.9,291,-1.0,303,-3.1,361,-2.8,348,2.18,94,36.7,63,45.3,97
361,Longwood,BSth,75.5,355,-1.8,354,-2.1,351,-1.4,337,-1.9,351,-1.8,341,-1.6,317,1.79,168,33.5,126,34.5,177
362,Albany,AE,75.4,356,-1.8,357,-1.6,333,-2.0,357,-1.1,311,-1.2,310,-3.1,356,2.26,78,26.9,290,16.9,290
363,New Orleans,Slnd,75.3,357,-1.3,324,-1.1,288,-1.5,340,-1.8,344,-2.2,349,-3.0,351,0.72,338,37.3,51,21.0,268
364,Manhattan,MAAC,75.3,358,-1.1,310,-1.5,324,-0.6,260,-2.5,360,-2.5,351,-2.6,339,0.86,324,22.3,347,33.2,194
365,Army,PL,75.2,359,-1.4,336,-1.4,319,-1.5,338,-1.7,341,-2.6,358,-2.7,345,1.74,183,27.4,285,49.3,72
366,Purdue Fort Wayne,Horz,75.2,360,-0.4,227,-1.1,292,+0.4,119,-2.5,362,-2.6,356,-4.3,363,1.91,142,28.1,277,73.5,2
367,Akron,MAC,75.1,361,-2.6,364,-1.9,347,-3.3,364,-2.1,356,-1.3,329,-1.7,321,1.39,245,39.5,27,23.9,252
368,Mercyhurst,NEC,75.0,362,-1.7,351,-2.1,354,-1.3,328,-1.6,339,-2.9,359,-2.9,350,0.76,335,30.3,214,0.0,0
369,Prairie View A&M,SWAC,74.9,363,-1.8,355,-2.0,349,-1.6,342,-2.5,361,-2.1,347,-3.3,360,1.12,292,36.3,66,6.1,336
370,Navy,PL,74.5,364,-1.7,349,-0.2,202,-3.2,363,-3.3,364,-3.8,364,-3.3,361,1.19,284,27.4,283,60.1,21
