,Team,Conference,Off-FT,Off-FT.Rank,Off-2P,Off-2P.Rank,Off-3P,Off-3P.Rank,Def-FT,Def-FT.Rank,Def-2P,Def-2P.Rank,Def-3P,Def-3P.Rank
0,Cal St. Fullerton,BW,26.9,1,50.7,136,22.3,354,21.3,61,45.4,314,33.4,110
1,Charlotte,Amer,25.7,2,46.1,286,28.2,270,18.4,219,56.3,9,25.3,347
2,Tarleton St.,WAC,25.2,3,53.2,73,21.6,358,25.1,7,42.7,351,32.1,144
3,Longwood,BSth,24.9,4,49.7,164,25.4,325,20.6,89,51.3,113,28.1,304
4,Grand Canyon,WAC,24.5,5,50.5,144,25.0,333,20.0,120,54.3,36,25.8,342
5,UC Davis,BW,24.5,6,48.2,215,27.3,291,24.4,12,45.6,311,30.0,239
6,South Dakota,Sum,24.5,7,50.2,148,25.3,326,17.7,266,49.3,190,32.9,118
7,Winthrop,BSth,24.5,8,50.5,141,25.0,332,21.1,67,48.0,246,31.0,200
8,Temple,Amer,24.4,9,49.3,177,26.3,309,19.8,132,50.1,161,30.1,231
9,Oklahoma St.,B12,24.3,10,48.3,210,27.4,289,19.4,153,46.3,293,34.3,85
10,Missouri,SEC,23.9,11,43.5,337,32.6,156,19.7,134,48.2,241,32.0,149
11,Elon,CAA,23.9,12,46.4,280,29.8,229,15.8,332,46.7,286,37.5,23
12,Michigan St.,B10,23.8,13,55.1,35,21.1,360,20.0,121,49.3,195,30.7,215
13,Rice,Amer,23.7,14,44.5,324,31.9,179,21.3,60,48.4,233,30.3,224
14,Charleston Southern,BSth,23.4,15,46.1,285,30.5,207,17.9,245,59.7,3,22.4,363
15,Radford,BSth,23.4,16,46.4,282,30.3,212,21.9,41,43.6,341,34.5,77
16,California,ACC,23.3,17,47.7,235,29.1,246,17.8,256,54.6,28,27.7,314
17,Ball St.,MAC,23.2,18,47.8,227,29.0,252,18.4,220,51.9,87,29.7,257
18,Valparaiso,MVC,23.1,19,47.7,233,29.1,243,19.6,140,52.2,76,28.2,300
19,UC Irvine,BW,23.0,20,49.5,170,27.5,286,14.3,354,50.4,148,35.3,55
20,Jackson St.,SWAC,22.9,21,47.8,228,29.3,239,18.3,223,45.8,306,35.9,40
21,Monmouth,CAA,22.9,22,48.0,221,29.2,241,21.4,54,47.2,274,31.5,178
22,South Carolina,SEC,22.8,23,47.3,249,29.9,227,17.4,279,54.7,24,27.9,307
23,Abilene Christian,WAC,22.8,24,58.3,10,18.8,362,25.9,2,48.4,234,25.7,344
24,Seattle,WAC,22.8,25,46.4,281,30.9,193,17.6,271,50.9,128,31.4,180
25,VMI,SC,22.8,26,42.1,351,35.1,88,14.3,356,44.2,334,41.5,3
26,Coppin St.,MEAC,22.7,27,53.7,62,23.6,345,18.8,195,48.7,220,32.5,132
27,Hawaii,BW,22.7,28,50.6,138,26.7,299,20.5,94,52.7,59,26.8,332
28,Kennesaw St.,CUSA,22.5,29,47.2,250,30.3,211,22.5,31,48.0,245,29.5,271
29,Texas A&M,SEC,22.4,30,49.5,171,28.1,273,21.6,47,40.7,360,37.8,20
30,Murray St.,MVC,22.4,31,47.0,256,30.6,203,20.1,110,55.6,17,24.2,357
31,Rhode Island,A10,22.4,32,50.1,153,27.6,285,18.3,224,54.1,38,27.6,315
32,South Carolina St.,MEAC,22.4,33,53.4,70,24.2,341,25.5,4,49.2,200,25.3,348
33,Cal St. Bakersfield,BW,22.3,34,51.4,119,26.3,310,25.8,3,45.6,310,28.6,291
34,Robert Morris,Horz,22.3,35,48.9,195,28.9,253,18.1,237,52.2,74,29.7,260
35,UNC Wilmington,CAA,22.2,36,49.5,172,28.3,269,16.9,302,49.1,206,34.0,90
36,Florida St.,ACC,22.2,37,53.0,78,24.8,335,22.4,33,43.0,346,34.6,75
37,Boise St.,MWC,22.1,38,49.1,186,28.8,258,18.1,236,52.2,79,29.7,256
38,Butler,BE,22.1,39,45.0,311,32.9,145,14.8,346,56.2,10,28.9,286
39,High Point,BSth,22.1,40,46.7,270,31.2,189,21.2,64,48.8,216,30.0,243
42,Alabama A&M,SWAC,22.1,41,44.7,321,33.3,134,23.4,19,44.6,325,31.9,155
43,George Washington,A10,22.0,42,47.7,234,30.2,215,17.3,288,52.8,57,30.0,246
44,Morehead St.,OVC,21.9,43,52.2,96,25.8,321,18.7,205,53.5,47,27.9,309
45,Norfolk St.,MEAC,21.9,44,56.9,18,21.2,359,19.8,129,45.2,317,35.0,59
46,George Mason,A10,21.9,45,49.4,174,28.6,263,19.0,177,45.7,309,35.4,52
47,Drake,MVC,21.9,46,50.2,147,27.9,277,20.6,88,52.4,66,26.9,328
48,Xavier,BE,21.8,47,46.3,283,31.9,176,18.0,239,52.6,62,29.4,272
49,UCF,B12,21.8,48,45.1,306,33.1,138,17.8,253,52.4,69,29.8,253
50,Texas St.,SB,21.6,49,55.2,29,23.1,350,22.0,39,47.2,272,30.7,213
51,Idaho St.,BSky,21.6,50,48.6,202,29.8,230,18.7,204,50.0,164,31.3,186
52,Fresno St.,MWC,21.6,51,49.6,167,28.8,254,13.5,359,51.8,90,34.7,70
53,North Carolina Central,MEAC,21.6,52,52.5,89,25.9,319,22.6,28,54.1,37,23.3,360
54,Portland,WCC,21.6,53,43.7,333,34.7,98,13.3,360,48.6,229,38.1,17
55,East Carolina,Amer,21.5,54,53.3,72,25.2,328,18.4,222,49.3,197,32.4,134
56,Richmond,A10,21.5,55,43.7,335,34.8,96,20.4,98,40.4,361,39.2,8
57,North Texas,Amer,21.5,56,47.8,229,30.8,196,23.2,21,47.8,252,29.0,277
58,IU Indy,Horz,21.4,57,37.7,363,41.0,6,20.7,84,48.5,231,30.8,209
59,Lindenwood,OVC,21.4,58,52.9,80,25.7,322,19.9,125,47.7,256,32.4,133
60,Georgia,SEC,21.3,59,51.5,117,27.2,293,18.5,215,50.5,143,31.0,201
61,Oregon St.,WCC,21.3,60,49.7,165,29.0,248,17.9,246,48.5,232,33.6,103
62,Tennessee St.,OVC,21.3,61,55.2,33,23.5,347,21.5,49,49.5,186,29.0,276
63,Tennessee Martin,OVC,21.2,62,41.8,354,36.9,57,18.8,196,43.5,343,37.8,21
64,Siena,MAAC,21.2,63,46.2,284,32.5,159,18.8,198,52.5,64,28.8,289
65,Oklahoma,SEC,21.2,64,45.1,310,33.7,121,19.5,148,51.6,96,28.9,285
66,Wisconsin,B10,21.2,65,41.0,361,37.8,46,17.8,259,49.7,180,32.5,131
67,Penn St.,B10,21.2,66,52.2,98,26.6,301,16.8,307,51.4,106,31.8,158
68,Utah Valley,WAC,21.2,67,55.0,37,23.8,344,18.6,211,52.4,68,29.0,279
69,Southern Utah,WAC,21.2,68,52.9,83,25.9,316,17.7,265,60.3,1,22.0,364
70,Colorado,B12,21.1,69,49.9,160,29.0,247,18.9,182,48.8,219,32.3,139
71,UTEP,CUSA,21.1,70,47.6,241,31.3,187,22.7,26,47.3,270,30.0,243
72,Le Moyne,NEC,21.1,71,48.9,193,30.0,223,20.7,86,46.4,292,32.9,119
73,Toledo,MAC,21.0,72,55.1,34,23.9,343,14.5,352,52.5,65,33.0,115
74,Tulane,Amer,20.9,73,47.6,242,31.5,183,20.5,91,45.0,319,34.4,79
75,Wake Forest,ACC,20.9,74,54.2,50,24.9,334,20.7,85,43.6,341,35.7,44
76,Iowa St.,B12,20.9,75,52.9,82,26.2,311,16.8,306,49.3,192,33.8,93
77,Dayton,A10,20.9,76,47.0,259,32.2,172,17.4,279,48.3,238,34.3,86
78,Alabama,SEC,20.8,77,45.2,304,34.0,111,19.3,158,54.6,27,26.1,338
79,Maryland Eastern Shore,MEAC,20.8,78,51.1,126,28.0,275,19.6,141,51.2,117,29.2,275
80,Rutgers,B10,20.8,79,51.0,129,28.1,272,17.4,281,51.2,116,31.4,182
81,Oregon,B10,20.8,80,49.4,175,29.8,228,17.5,275,51.7,93,30.8,208
84,Bowling Green,MAC,20.8,81,46.7,268,32.5,161,19.1,167,49.4,189,31.5,174
85,Southeastern Louisiana,Slnd,20.8,82,55.0,38,24.2,340,20.5,95,47.5,266,32.0,153
86,Nebraska,B10,20.8,83,50.5,142,28.7,262,15.9,328,42.9,348,41.3,4
87,Stony Brook,CAA,20.8,84,47.9,226,31.3,186,15.8,330,49.8,177,34.4,80
88,Green Bay,Horz,20.7,85,43.1,343,36.2,71,17.7,269,47.6,262,34.7,71
89,Grambling St.,SWAC,20.7,86,50.8,134,28.4,266,18.4,218,51.3,107,30.2,227
90,Mercyhurst,NEC,20.7,87,47.6,240,31.7,181,19.8,127,49.3,193,30.8,207
91,Kansas City,Sum,20.7,88,42.0,353,37.3,53,20.1,112,48.7,224,31.2,189
92,Memphis,Amer,20.7,89,48.8,196,30.5,205,19.4,152,46.9,278,33.7,97
93,Arkansas St.,SB,20.7,90,45.4,299,33.9,116,22.2,36,50.0,165,27.7,311
94,FIU,CUSA,20.6,91,57.5,13,21.9,356,21.6,44,49.4,187,29.0,282
95,Seton Hall,BE,20.6,92,53.1,74,26.2,312,19.7,137,44.4,330,36.0,39
96,Prairie View A&M,SWAC,20.6,93,52.7,88,26.7,298,21.4,56,53.7,41,24.9,351
97,Oral Roberts,Sum,20.6,94,43.1,344,36.4,67,21.2,62,49.8,176,29.0,280
98,Arizona,B12,20.6,95,54.7,42,24.8,336,17.3,284,46.9,281,35.8,43
99,Illinois,B10,20.5,96,45.9,290,33.6,125,17.8,255,56.1,13,26.1,339
100,Youngstown St.,Horz,20.5,97,45.5,297,34.0,112,20.8,76,54.5,31,24.8,354
101,UMass Lowell,AE,20.5,98,54.4,45,25.1,329,15.4,337,54.6,26,30.0,240
102,Mississippi Valley St.,SWAC,20.5,99,56.9,17,22.6,353,18.6,208,49.1,205,32.2,141
103,Marshall,SB,20.5,100,49.3,182,30.3,213,21.6,46,52.6,60,25.8,341
104,Long Beach St.,BW,20.5,101,47.7,236,31.9,175,18.9,188,50.6,139,30.5,219
105,San Diego,WCC,20.4,102,51.8,108,27.8,281,24.5,10,44.4,329,31.1,195
106,Southern,SWAC,20.4,103,52.9,81,26.7,300,22.6,29,44.0,337,33.5,104
107,Massachusetts,A10,20.4,104,56.0,23,23.6,346,22.5,32,47.5,268,30.0,243
108,Delaware St.,MEAC,20.4,105,62.5,2,17.1,363,21.1,69,47.6,264,31.4,184
109,New Orleans,Slnd,20.3,106,54.6,44,25.0,330,15.5,336,49.6,182,34.9,66
110,Indiana St.,MVC,20.3,107,41.1,360,38.6,32,20.3,102,49.0,210,30.7,216
111,Wichita St.,Amer,20.3,108,59.3,5,20.5,361,15.0,344,49.2,202,35.9,42
112,USC,B10,20.3,109,53.1,76,26.6,302,20.9,73,51.1,123,28.1,305
113,Stetson,ASun,20.3,110,49.0,191,30.8,197,16.3,320,48.7,222,35.0,58
114,William & Mary,CAA,20.2,111,40.9,362,38.8,30,19.8,128,48.4,236,31.8,159
115,Nebraska Omaha,Sum,20.2,112,47.0,257,32.8,149,19.7,133,46.0,299,34.3,84
116,Milwaukee,Horz,20.2,113,56.4,20,23.4,348,19.3,162,51.0,126,29.7,255
117,Pittsburgh,ACC,20.2,114,47.2,251,32.6,155,17.8,260,48.6,228,33.6,98
118,Arizona St.,B12,20.2,115,43.3,339,36.6,65,18.8,199,50.3,153,30.9,204
119,UNLV,MWC,20.1,116,52.0,100,27.8,279,19.0,175,46.0,298,35.0,61
120,Ohio,MAC,20.1,117,48.5,205,31.4,185,18.9,186,51.2,119,29.9,247
121,Sam Houston St.,CUSA,20.0,118,45.2,305,34.8,97,19.1,166,48.8,215,32.1,148
122,Western Kentucky,CUSA,20.0,119,47.7,232,32.3,167,23.6,17,44.4,328,32.0,150
123,Old Dominion,SB,20.0,120,53.9,55,26.2,313,19.7,136,51.4,104,28.8,288
126,Bethune Cookman,SWAC,20.0,121,53.7,60,26.4,307,19.2,163,49.7,179,31.0,199
127,Sacramento St.,BSky,19.9,122,44.8,316,35.2,84,22.1,38,40.9,358,37.1,27
128,Stanford,ACC,19.9,123,47.9,225,32.2,171,21.9,42,52.4,70,25.7,343
129,Troy,SB,19.9,124,47.1,253,32.9,143,16.2,324,50.4,147,33.4,106
130,Texas,SEC,19.9,125,50.5,143,29.5,235,19.4,155,50.1,157,30.5,220
131,Northern Illinois,MAC,19.9,126,41.2,358,38.9,28,21.4,52,47.4,269,31.2,191
132,Idaho,BSky,19.9,127,41.7,355,38.4,35,19.6,138,49.3,191,31.0,197
133,Hampton,CAA,19.9,128,50.6,139,29.5,234,23.6,18,47.6,260,28.8,287
134,Florida A&M,SWAC,19.9,129,41.2,359,39.0,25,20.2,109,49.0,208,30.8,210
135,UC San Diego,BW,19.8,130,42.8,345,37.3,52,19.0,176,42.6,352,38.4,14
136,Howard,MEAC,19.8,131,49.3,181,30.9,194,21.1,65,50.7,134,28.1,301
137,New Mexico,MWC,19.8,132,54.3,47,25.9,317,19.3,159,48.7,223,32.0,151
138,Weber St.,BSky,19.8,133,50.0,156,30.2,216,21.2,63,45.9,302,32.9,121
139,Washington,B10,19.8,134,52.0,101,28.2,271,20.5,93,54.5,30,25.0,350
140,Saint Peter's,MAAC,19.8,135,45.2,303,35.0,90,24.2,13,47.6,263,28.2,299
141,Charleston,CAA,19.7,136,47.6,238,32.7,154,16.4,317,52.1,83,31.5,176
142,Wagner,NEC,19.7,137,46.4,279,33.9,119,22.7,27,45.8,307,31.5,172
143,LSU,SEC,19.7,138,50.1,151,30.2,219,17.7,261,52.1,84,30.1,232
144,Texas Southern,SWAC,19.7,139,50.5,140,29.8,231,20.4,99,44.0,336,35.6,47
145,Mississippi,SEC,19.7,140,46.5,275,33.8,120,21.1,68,44.9,321,33.8,95
146,CSUN,BW,19.7,141,55.3,28,25.0,331,27.0,1,34.1,363,38.8,10
147,Alcorn St.,SWAC,19.6,142,51.6,113,28.8,259,18.2,229,44.6,326,37.1,26
148,McNeese,Slnd,19.6,143,51.6,114,28.8,255,20.7,78,41.3,355,37.9,18
149,Southern Indiana,OVC,19.6,144,51.4,120,29.0,249,19.5,145,48.1,242,32.4,136
150,South Florida,Amer,19.6,145,50.0,155,30.4,208,21.3,59,51.2,118,27.5,320
151,San Francisco,WCC,19.5,146,45.0,312,35.5,80,20.2,108,54.5,29,25.3,349
152,Gardner Webb,BSth,19.5,147,53.6,64,26.9,296,20.5,92,50.5,144,28.9,284
153,Eastern Illinois,OVC,19.5,148,55.2,31,25.3,327,21.6,43,43.0,347,35.4,51
154,Southern Miss,SB,19.5,149,52.9,84,27.6,284,19.5,150,50.4,151,30.1,233
155,Central Michigan,MAC,19.5,150,54.2,49,26.3,308,17.0,297,46.2,295,36.7,36
156,Fordham,A10,19.5,151,46.9,263,33.6,123,19.5,144,55.7,16,24.8,353
157,Nevada,MWC,19.5,152,49.5,169,31.0,192,21.0,70,41.3,356,37.7,22
158,Quinnipiac,MAAC,19.5,153,51.8,109,28.8,260,17.4,278,47.7,257,34.9,65
159,Illinois Chicago,MVC,19.5,154,48.6,201,31.9,174,19.0,172,51.3,108,29.6,262
160,Western Michigan,MAC,19.4,155,58.8,7,21.8,357,17.3,287,47.9,249,34.8,69
161,UTSA,Amer,19.4,156,42.7,347,37.8,45,22.5,30,47.7,254,29.8,254
162,Southern Illinois,MVC,19.4,157,52.8,86,27.8,280,18.8,192,49.3,194,31.8,160
163,Detroit Mercy,Horz,19.4,158,56.2,22,24.4,338,20.3,105,42.8,349,37.0,30
164,Pacific,WCC,19.4,159,51.8,107,28.8,255,21.4,55,46.7,287,31.9,156
165,Morgan St.,MEAC,19.4,160,63.9,1,16.7,364,21.0,71,51.4,103,27.6,318
168,Northwestern St.,Slnd,19.4,161,52.3,94,28.3,268,18.3,225,45.9,305,35.9,41
169,SMU,ACC,19.4,162,50.4,146,30.2,217,20.1,113,46.2,297,33.7,96
170,North Carolina,ACC,19.4,163,53.9,54,26.7,297,18.5,214,48.9,213,32.6,130
171,Louisville,ACC,19.4,164,43.2,340,37.4,50,15.6,335,51.5,102,32.9,117
172,Dartmouth,Ivy,19.4,165,41.4,357,39.2,18,14.2,357,54.6,25,31.2,190
173,N.C. State,ACC,19.3,166,54.8,39,25.9,320,18.7,200,53.8,40,27.4,321
174,UT Arlington,WAC,19.3,167,44.4,325,36.3,69,20.7,80,47.7,253,31.5,173
175,American,PL,19.3,168,44.1,328,36.6,64,19.4,156,54.3,34,26.3,336
176,Indiana,B10,19.2,169,56.3,21,24.5,337,17.2,290,51.5,101,31.3,185
177,Utah Tech,WAC,19.2,170,48.3,209,32.4,163,20.4,97,54.9,21,24.6,355
178,Cal Baptist,WAC,19.2,171,54.8,41,26.0,315,18.5,212,54.9,22,26.5,334
179,Vermont,AE,19.2,172,45.8,295,35.1,89,17.2,293,50.9,130,32.0,152
180,Eastern Michigan,MAC,19.2,173,50.9,130,29.9,226,21.4,51,47.9,247,30.6,217
181,North Carolina A&T,CAA,19.2,174,52.3,93,28.6,264,18.8,194,53.5,46,27.7,312
182,Ohio St.,B10,19.1,175,50.1,152,30.7,199,24.5,11,48.6,227,26.9,330
183,La Salle,A10,19.1,176,54.0,53,26.9,295,15.0,343,52.2,76,32.8,125
184,UNC Asheville,BSth,19.1,177,53.4,69,27.5,287,21.5,48,49.9,169,28.5,292
185,Air Force,MWC,19.1,178,42.6,349,38.3,37,18.1,234,51.8,91,30.1,237
186,Manhattan,MAAC,19.1,179,46.4,276,34.4,104,16.3,318,49.2,199,34.4,78
187,North Dakota,Sum,19.1,180,49.1,188,31.8,180,17.1,296,49.3,196,33.6,102
188,Mount St. Mary's,MAAC,19.1,181,48.3,211,32.6,157,16.5,315,48.6,225,34.9,67
189,Cleveland St.,Horz,19.1,182,54.4,46,26.5,304,20.7,83,47.6,259,31.7,166
190,New Mexico St.,CUSA,19.1,183,49.8,162,31.1,191,21.6,45,48.4,235,30.0,242
191,Pepperdine,WCC,19.0,184,53.8,59,27.2,292,17.0,298,51.1,124,31.9,156
192,Purdue,B10,19.0,185,50.9,132,30.1,221,17.2,291,50.8,133,32.1,147
193,Coastal Carolina,SB,19.0,186,48.1,219,32.9,146,20.8,75,51.1,125,28.1,302
194,San Jose St.,MWC,19.0,187,47.0,258,34.0,110,16.5,314,55.8,15,27.7,313
195,Michigan,B10,19.0,188,47.1,255,33.9,114,17.6,272,51.5,98,30.9,206
196,UAB,Amer,19.0,189,57.1,15,23.9,342,17.7,267,52.2,78,30.1,236
197,Buffalo,MAC,18.9,190,46.9,261,34.1,107,17.8,257,52.2,80,30.1,238
198,Navy,PL,18.9,191,48.4,208,32.7,152,18.7,202,47.7,255,33.6,101
199,Fairleigh Dickinson,NEC,18.9,192,48.7,200,32.4,164,19.4,154,56.2,12,24.4,356
200,Utah St.,MWC,18.9,193,49.9,159,31.3,188,18.5,213,47.1,276,34.4,81
201,Bucknell,PL,18.9,194,47.6,239,33.6,126,18.7,201,47.9,251,33.4,109
202,Chicago St.,NEC,18.9,195,47.7,231,33.4,131,20.6,90,49.8,175,29.6,263
203,Nicholls,Slnd,18.8,196,48.9,192,32.3,170,23.0,24,49.8,173,27.2,324
204,Eastern Washington,BSky,18.8,197,52.0,102,29.2,242,20.9,72,47.9,250,31.2,192
205,Louisiana,SB,18.8,198,48.0,222,33.2,135,23.6,16,50.7,135,25.6,345
206,Louisiana Monroe,SB,18.8,199,50.7,137,30.5,206,14.7,348,48.3,239,37.0,29
207,Campbell,CAA,18.8,200,46.7,266,34.5,102,18.2,233,56.5,8,25.4,346
210,Boston College,ACC,18.8,201,52.4,91,28.8,257,20.7,79,50.0,167,29.3,274
211,Gonzaga,WCC,18.8,202,54.7,43,26.6,303,18.2,231,50.1,158,31.7,164
212,Louisiana Tech,CUSA,18.7,203,49.0,190,32.3,169,16.7,308,51.2,120,32.1,145
213,Stephen F. Austin,Slnd,18.7,204,55.2,32,26.1,314,20.2,106,50.1,160,29.7,261
214,Rider,MAAC,18.7,205,58.2,11,23.1,351,15.2,338,50.3,155,34.6,76
215,Virginia Tech,ACC,18.7,206,47.4,246,33.9,115,18.8,193,48.8,217,32.4,135
216,Tennessee,SEC,18.6,207,47.5,244,33.9,116,18.9,187,45.4,313,35.7,45
217,Jacksonville St.,CUSA,18.6,208,51.4,118,30.0,225,15.8,333,44.9,320,39.3,7
218,Delaware,CAA,18.6,209,47.7,230,33.7,122,19.1,165,52.4,67,28.4,295
219,Appalachian St.,SB,18.6,210,46.9,262,34.5,103,15.8,331,52.2,75,32.0,154
220,Vanderbilt,SEC,18.6,211,51.2,125,30.2,214,19.3,157,49.2,203,31.5,175
221,Kent St.,MAC,18.6,212,50.8,135,30.7,202,24.1,14,45.5,312,30.4,221
222,NJIT,AE,18.6,213,50.9,131,30.5,204,21.4,57,52.8,55,25.8,340
223,Bradley,MVC,18.5,214,44.6,322,36.8,58,21.4,58,44.7,324,33.9,92
224,St. Bonaventure,A10,18.5,215,53.9,56,27.6,283,14.8,347,44.3,331,40.9,5
225,Iona,MAAC,18.5,216,53.6,63,27.9,278,20.7,77,45.9,300,33.3,112
226,Northwestern,B10,18.5,217,53.5,68,28.1,274,21.1,66,47.3,271,31.6,168
227,Houston Christian,Slnd,18.4,218,46.5,274,35.0,91,17.0,301,60.1,2,23.0,362
228,TCU,B12,18.4,219,53.7,61,27.9,276,16.4,316,50.7,138,32.9,120
229,Texas A&M Corpus Chris,Slnd,18.4,220,58.5,9,23.1,352,21.5,50,48.8,218,29.8,251
230,Tulsa,Amer,18.4,221,48.1,217,33.5,127,17.2,294,54.7,23,28.1,303
231,Yale,Ivy,18.4,222,53.1,75,28.5,265,19.5,146,40.8,359,39.7,6
232,Denver,Sum,18.4,223,50.9,133,30.7,200,25.2,5,49.9,168,24.9,352
233,Saint Joseph's,A10,18.4,224,45.8,294,35.9,77,17.3,282,53.0,53,29.7,258
234,Arkansas,SEC,18.4,225,52.5,90,29.1,244,17.9,247,49.7,178,32.3,137
235,Missouri St.,MVC,18.3,226,49.1,185,32.6,158,20.3,103,48.6,230,31.2,193
236,UCLA,B10,18.3,227,53.0,79,28.7,261,21.4,53,44.8,323,33.8,94
237,Alabama St.,SWAC,18.3,228,44.9,314,36.8,61,22.3,34,45.9,303,31.8,162
238,Portland St.,BSky,18.3,229,57.4,14,24.3,339,20.1,115,49.2,201,30.7,212
239,St. Thomas,Sum,18.2,230,44.2,327,37.6,49,20.3,104,45.7,308,34.0,89
240,Syracuse,ACC,18.2,231,55.9,24,25.9,318,17.9,252,50.5,142,31.6,169
241,Fairfield,MAAC,18.1,232,48.4,207,33.4,130,18.1,235,51.9,89,30.0,241
242,Evansville,MVC,18.1,233,49.6,166,32.3,168,19.9,124,43.2,344,36.9,34
243,Georgia St.,SB,18.1,234,52.8,87,29.1,245,16.0,326,50.4,152,33.6,99
244,Chattanooga,SC,18.1,235,46.9,260,35.0,92,18.4,217,46.9,279,34.6,73
245,Northern Iowa,MVC,18.1,236,51.9,103,30.0,224,17.0,300,48.1,243,34.9,64
246,Duke,ACC,18.1,237,44.1,329,37.8,47,16.7,309,50.6,141,32.8,126
247,Western Carolina,SC,18.1,238,42.3,350,39.7,15,20.0,118,45.1,318,34.9,63
248,Montana St.,BSky,18.1,239,46.4,278,35.5,79,20.7,81,56.2,11,23.1,361
249,VCU,A10,18.1,240,45.3,300,36.6,63,23.1,23,49.0,207,27.9,308
252,Binghamton,AE,18.0,241,49.1,187,32.9,147,20.3,101,49.9,171,29.8,251
253,Colorado St.,MWC,18.0,242,48.9,194,33.0,142,18.8,191,49.0,212,32.2,142
254,Montana,BSky,18.0,243,51.6,111,30.3,210,17.8,254,53.2,50,29.0,278
255,Albany,AE,18.0,244,55.6,26,26.4,306,20.1,114,53.4,48,26.5,335
256,Maryland,B10,18.0,245,52.2,95,29.7,233,17.5,274,53.0,52,29.5,269
257,Bryant,AE,18.0,246,51.9,105,30.1,222,19.8,130,50.1,159,30.1,235
258,Austin Peay,ASun,18.0,247,47.1,254,34.9,93,20.1,111,50.9,129,29.0,281
259,San Diego St.,MWC,17.9,248,51.4,121,30.7,201,23.1,22,40.1,362,36.9,35
260,Furman,SC,17.8,249,42.1,352,40.1,10,18.2,228,51.6,95,30.2,230
261,Lamar,Slnd,17.8,250,52.1,99,30.1,220,19.4,151,49.0,211,31.6,170
262,Kentucky,SEC,17.8,251,46.9,265,35.4,82,18.2,227,48.9,214,32.9,122
263,Northern Kentucky,Horz,17.7,252,49.3,179,33.0,141,16.3,319,46.7,285,37.0,31
264,North Dakota St.,Sum,17.7,253,35.5,364,46.8,1,15.1,339,52.1,82,32.7,127
265,Middle Tennessee,CUSA,17.7,254,52.9,84,29.5,236,18.9,185,52.8,56,28.3,297
266,East Tennessee St.,SC,17.7,255,46.1,287,36.3,70,19.5,149,49.5,184,31.0,196
267,St. John's,BE,17.6,256,60.2,3,22.1,355,17.9,243,47.1,277,35.0,60
268,Eastern Kentucky,ASun,17.6,257,45.9,291,36.5,66,17.3,285,51.3,109,31.4,183
269,Loyola MD,PL,17.6,258,51.5,115,30.9,194,17.9,251,52.6,61,29.5,267
270,Saint Mary's,WCC,17.6,259,55.0,36,27.4,288,17.3,286,54.5,32,28.3,298
271,Southeast Missouri,OVC,17.6,260,53.5,67,29.0,250,24.6,9,51.7,94,23.7,359
272,UMBC,AE,17.5,261,50.2,149,32.3,166,15.0,342,56.5,7,28.5,294
273,Baylor,B12,17.5,262,48.6,203,33.9,118,18.0,241,46.7,288,35.3,54
274,Utah,B12,17.5,263,48.2,214,34.3,105,19.5,143,47.1,275,33.4,108
275,Presbyterian,BSth,17.5,264,51.8,110,30.8,198,20.1,116,51.3,111,28.6,290
276,Loyola Marymount,WCC,17.4,265,49.5,173,33.1,137,19.3,160,53.5,43,27.2,325
277,Connecticut,BE,17.4,266,48.0,224,34.6,100,24.0,15,48.1,244,27.9,306
278,Wyoming,MWC,17.4,267,47.3,247,35.3,83,22.3,35,50.6,140,27.1,326
279,The Citadel,SC,17.4,268,45.3,301,37.3,51,19.5,147,46.9,282,33.6,100
280,Stonehill,NEC,17.3,269,43.5,336,39.1,20,20.0,122,53.2,51,26.9,329
281,UNC Greensboro,SC,17.3,270,43.8,332,38.9,27,19.0,179,47.6,258,33.4,107
282,Florida,SEC,17.3,271,48.8,197,33.9,113,18.9,184,52.1,81,28.9,283
283,Lipscomb,ASun,17.3,272,46.7,269,36.0,73,13.1,361,55.1,19,31.8,163
284,Florida Atlantic,Amer,17.3,273,49.7,163,33.0,139,19.1,168,46.3,294,34.6,74
285,Towson,CAA,17.3,274,51.2,124,31.5,184,17.6,270,51.5,100,30.9,205
286,Penn,Ivy,17.3,275,43.9,331,38.8,29,15.9,327,49.7,181,34.4,83
287,Washington St.,WCC,17.3,276,49.8,161,32.9,144,18.6,207,51.1,122,30.2,226
288,Davidson,A10,17.3,277,48.2,216,34.6,101,16.5,313,50.8,132,32.7,128
289,USC Upstate,BSth,17.2,278,57.1,16,25.7,323,20.7,82,48.3,237,30.9,203
290,Georgia Tech,ACC,17.2,279,52.4,92,30.4,209,17.7,264,46.9,283,35.4,49
291,Columbia,Ivy,17.2,280,49.3,178,33.4,129,14.8,345,46.6,290,38.6,12
294,Minnesota,B10,17.2,281,53.8,57,29.0,250,19.3,161,51.1,121,29.6,265
295,James Madison,SB,17.2,282,44.8,317,38.0,43,17.8,258,51.3,114,31.0,202
296,Northern Colorado,BSky,17.2,283,53.4,71,29.4,237,19.9,123,51.8,92,28.3,296
297,Purdue Fort Wayne,Horz,17.2,284,44.6,323,38.2,39,16.6,312,51.2,115,32.2,143
298,Central Arkansas,ASun,17.2,285,44.9,315,37.9,44,13.1,362,41.3,357,45.7,2
299,Auburn,SEC,17.2,286,49.4,176,33.5,128,23.0,25,50.5,145,26.6,333
300,Queens,ASun,17.2,287,46.0,288,36.8,59,17.3,283,52.0,86,30.7,214
301,Lehigh,PL,17.1,288,48.7,198,34.1,108,18.5,216,53.9,39,27.6,316
302,UC Riverside,BW,17.1,289,47.4,245,35.5,81,18.9,181,50.0,166,31.0,198
303,Lafayette,PL,17.1,290,49.3,180,33.6,124,17.2,289,50.7,137,32.1,146
304,LIU,NEC,17.1,291,56.5,19,26.4,305,25.2,6,45.2,316,29.6,264
305,Loyola Chicago,A10,17.1,292,49.5,168,33.4,133,19.0,171,48.7,221,32.3,140
306,Miami FL,ACC,17.1,293,53.5,66,29.4,238,15.1,340,49.9,170,34.9,62
307,Providence,BE,17.0,294,43.7,334,39.3,17,19.9,126,52.6,63,27.6,317
308,Illinois St.,MVC,16.9,295,43.2,341,39.9,12,17.4,277,45.9,301,36.7,38
309,SIUE,OVC,16.9,296,51.2,122,31.9,177,20.4,100,46.8,284,32.8,124
310,Notre Dame,ACC,16.9,297,50.0,157,33.2,136,18.2,232,50.4,150,31.4,179
311,Mississippi St.,SEC,16.8,298,51.6,112,31.5,182,18.6,209,43.9,338,37.5,24
312,South Dakota St.,Sum,16.8,299,50.2,150,33.0,140,19.0,173,44.1,335,36.9,32
313,Maine,AE,16.8,300,54.8,40,28.4,267,17.7,263,51.0,127,31.3,187
314,Creighton,BE,16.8,301,45.1,309,38.1,41,12.1,364,56.7,6,31.3,188
315,Tennessee Tech,OVC,16.8,302,44.0,330,39.2,19,14.3,355,58.4,4,27.3,323
316,North Alabama,ASun,16.8,303,53.1,77,30.2,218,16.2,322,49.1,204,34.7,72
317,South Alabama,SB,16.8,304,44.3,326,39.0,24,14.7,349,31.4,364,53.9,1
318,Cal Poly,BW,16.7,305,42.8,346,40.5,8,18.9,189,49.6,183,31.6,171
319,West Georgia,ASun,16.7,306,59.9,4,23.4,349,18.7,203,46.2,296,35.1,57
320,Clemson,ACC,16.7,307,48.2,213,35.1,87,15.8,329,51.3,112,32.9,123
321,Texas Tech,B12,16.6,308,47.6,237,35.7,78,19.6,139,51.9,88,28.5,293
322,Niagara,MAAC,16.6,309,46.6,272,36.8,60,17.9,249,46.5,291,35.6,46
323,Hofstra,CAA,16.6,310,48.3,212,35.1,86,21.9,40,42.7,350,35.4,50
324,Northeastern,CAA,16.6,311,55.7,25,27.7,282,18.1,238,52.1,85,29.9,249
325,Bellarmine,ASun,16.5,312,47.5,243,36.0,74,18.0,240,43.2,345,38.8,11
326,Little Rock,OVC,16.5,313,54.3,48,29.2,240,23.3,20,42.3,354,34.4,82
327,Saint Louis,A10,16.5,314,46.4,277,37.1,55,15.8,334,51.5,99,32.7,129
328,Boston University,PL,16.5,315,48.6,204,34.9,94,17.5,273,47.6,261,34.9,68
329,Sacred Heart,MAAC,16.4,316,45.0,313,38.6,33,16.3,321,44.6,327,39.2,9
330,New Hampshire,AE,16.4,317,49.0,189,34.6,99,17.9,250,52.3,71,29.8,250
331,Northern Arizona,BSky,16.3,318,51.2,122,32.5,162,19.0,178,49.4,188,31.6,167
332,DePaul,BE,16.3,319,44.7,318,39.0,23,16.6,310,53.5,45,29.9,248
333,Oakland,Horz,16.3,320,51.1,128,32.7,153,16.9,304,47.9,248,35.2,56
334,UC Santa Barbara,BW,16.2,321,43.3,338,40.5,7,19.8,131,50.1,162,30.2,229
335,Jacksonville,ASun,16.2,322,51.1,127,32.7,151,18.8,197,49.8,174,31.4,181
336,Villanova,BE,16.2,323,44.7,320,39.1,21,17.9,244,43.8,340,38.3,16
337,Mercer,SC,16.2,324,50.5,145,33.4,132,18.9,183,43.8,339,37.3,25
338,Santa Clara,WCC,16.2,325,45.5,298,38.3,36,19.0,180,50.3,154,30.7,211
339,Cornell,Ivy,16.1,326,46.9,264,37.0,56,17.7,262,50.5,146,31.8,161
340,Miami OH,MAC,16.1,327,47.3,248,36.6,62,19.7,135,46.9,280,33.4,105
341,Marquette,BE,16.1,328,48.1,220,35.9,76,17.5,276,51.4,104,31.1,194
342,West Virginia,B12,16.0,329,45.8,293,38.2,40,20.0,118,52.2,73,27.8,310
343,Arkansas Pine Bluff,SWAC,16.0,330,54.2,51,29.7,232,20.9,74,45.2,315,33.9,91
344,Central Connecticut,NEC,15.8,331,58.7,8,25.5,324,12.1,363,50.0,163,37.9,19
345,Kansas St.,B12,15.7,332,50.1,154,34.2,106,17.0,299,53.6,42,29.4,273
346,Western Illinois,OVC,15.7,333,49.2,183,35.1,85,19.2,164,53.3,49,27.6,319
347,Houston,B12,15.6,334,51.9,104,32.5,160,20.7,87,42.5,353,36.9,33
348,Merrimack,MAAC,15.5,335,48.4,206,36.0,72,18.9,190,51.6,97,29.6,266
349,Princeton,Ivy,15.4,336,42.6,348,42.0,3,19.1,169,46.7,289,34.3,87
350,Harvard,Ivy,15.4,337,51.8,106,32.8,150,16.0,325,52.3,72,31.7,165
351,Virginia,ACC,15.4,338,45.7,296,38.9,26,17.1,295,47.5,267,35.4,53
352,Duquesne,A10,15.3,339,46.7,267,38.0,42,22.2,37,47.5,265,30.3,222
353,East Texas A&M,Slnd,15.1,340,45.1,308,39.8,13,19.0,170,50.8,131,30.1,234
354,UT Rio Grande Valley,Slnd,15.1,341,46.6,271,38.3,38,18.2,230,54.9,20,26.8,331
355,BYU,B12,15.0,342,45.1,307,39.8,14,16.9,305,44.8,322,38.3,15
356,Wright St.,Horz,15.0,343,52.2,97,32.8,148,19.0,174,50.7,136,30.3,223
357,Georgia Southern,SB,15.0,344,46.6,273,38.4,34,24.6,8,45.9,304,29.5,268
358,Samford,SC,15.0,345,43.2,342,41.9,4,20.5,96,47.2,273,32.3,138
359,Saint Francis,NEC,15.0,346,48.7,199,36.3,68,17.7,268,49.0,209,33.3,113
360,Brown,Ivy,14.8,347,48.0,223,37.2,54,16.9,303,52.9,54,30.2,228
361,Georgetown,BE,14.8,348,58.1,12,27.0,294,18.4,221,48.3,240,33.3,111
362,Wofford,SC,14.7,349,45.9,289,39.4,16,18.6,210,44.3,332,37.1,28
363,Belmont,MVC,14.5,350,45.3,302,40.3,9,14.7,350,48.6,226,36.7,37
364,North Florida,ASun,14.2,351,41.4,356,44.4,2,18.0,242,55.9,14,26.1,337
365,Liberty,CUSA,14.2,352,45.8,292,40.0,11,17.9,248,58.3,5,23.8,358
366,Iowa,B10,14.1,353,49.9,158,36.0,75,14.5,353,55.3,18,30.3,225
367,Canisius,MAAC,14.1,354,47.1,252,38.7,31,16.6,311,50.4,149,33.0,116
368,Incarnate Word,Slnd,14.1,355,53.8,58,32.1,173,19.6,142,53.5,44,26.9,327
369,Akron,MAC,14.1,356,44.7,319,41.2,5,20.0,117,50.2,156,29.7,259
370,Kansas,B12,13.7,357,59.0,6,27.3,290,18.7,206,49.9,172,31.5,177
371,Cincinnati,B12,13.6,358,55.2,30,31.2,190,16.2,323,54.3,35,29.5,270
372,Army,PL,13.6,359,51.5,116,34.9,95,14.6,351,51.3,110,34.1,88
373,Drexel,CAA,13.5,360,54.1,52,32.4,165,18.3,226,54.3,33,27.4,322
374,Colgate,PL,13.1,361,49.2,184,37.8,48,15.0,341,49.5,185,35.5,48
375,Holy Cross,PL,12.8,362,48.1,217,39.1,22,14.1,358,52.7,58,33.1,114
376,Marist,MAAC,12.8,363,55.3,27,31.9,178,20.2,107,49.2,198,30.6,218
377,Florida Gulf Coast,ASun,12.4,364,53.6,65,34.0,109,17.2,292,44.3,333,38.5,13
