,Team,Conference,3P%,3P%.Rank,2P%,2P%.Rank,FT%,FT%.Rank,Blk%,Blk%.Rank,Stl%,Stl%.Rank,NST%,NST%.Rank,A%,A%.Rank,3PA%,3PA%.Rank,AdjOE,AdjOE.Rank
0,Memphis,Amer,40.3,1,52.7,125,71.1,211,9.9,234,11.1,308,8.8,305,51.3,194,35.3,276,115.2,58
1,North Dakota St.,Sum,40.2,2,56.7,21,77.9,19,10.1,252,9.2,138,6.7,73,56.3,83,55.4,1,116.6,45
2,Bradley,MVC,40.1,3,55.1,53,78.0,17,6.9,19,11.2,318,6.9,100,54.0,120,43.1,89,111.3,98
3,Villanova,BE,39.9,4,52.5,132,80.9,5,7.5,46,8.2,37,7.6,179,49.5,232,43.4,83,120.2,16
4,Yale,Ivy,39.8,5,53.3,104,75.1,74,8.0,68,8.9,93,7.2,125,56.0,87,32.3,333,116.6,44
5,UC Santa Barbara,BW,39.6,6,53.6,94,76.3,46,6.6,11,9.7,188,9.6,338,56.3,82,45.8,48,109.7,124
6,Houston,B12,39.4,7,49.6,236,72.4,175,5.8,4,7.3,7,7.0,108,47.1,295,34.4,292,124.3,6
7,Howard,MEAC,39.4,8,53.1,109,77.6,29,8.1,73,10.8,283,10.9,361,59.1,40,36.0,258,107.1,175
8,SMU,ACC,39.3,9,53.2,106,73.2,142,10.3,265,9.2,135,7.4,161,56.2,84,35.1,280,117.8,32
9,St. Thomas,Sum,39.3,10,58.4,10,77.5,31,9.3,190,7.5,11,6.8,90,51.3,193,45.8,49,115.4,55
10,Clemson,ACC,38.8,11,52.1,144,77.0,35,7.5,43,9.2,137,6.7,66,51.7,181,39.4,175,119.5,19
11,Illinois St.,MVC,38.7,12,55.8,39,75.2,69,8.4,101,8.0,30,7.6,175,53.7,130,47.0,29,113.3,76
12,Liberty,CUSA,38.5,13,57.1,18,64.5,351,8.5,108,8.5,59,6.7,77,58.9,42,46.3,40,109.6,126
13,Belmont,MVC,38.5,14,53.8,88,72.1,183,9.8,227,9.8,192,6.0,24,60.5,25,45.3,58,115.4,56
14,Samford,SC,38.5,15,54.2,78,71.0,222,9.8,226,12.1,350,7.1,116,58.5,47,47.7,21,113.0,79
15,Xavier,BE,38.5,16,49.9,222,78.0,18,12.8,352,9.1,127,7.7,187,63.5,7,37.3,220,114.6,64
16,Kentucky,SEC,38.4,17,56.1,32,73.2,143,7.9,57,7.9,20,6.5,52,58.3,52,42.4,101,126.5,3
17,Cal St. Bakersfield,BW,38.3,18,44.9,347,76.7,41,7.6,50,8.6,62,10.7,358,37.1,364,28.5,357,106.3,192
18,Wright St.,Horz,38.3,19,54.1,81,69.8,252,7.3,29,10.2,232,7.2,121,50.7,203,37.2,224,109.3,129
19,Iowa,B10,38.2,20,57.8,12,68.2,303,6.7,14,8.9,95,5.1,4,60.3,26,42.1,110,118.0,31
20,UMBC,AE,38.1,21,53.7,89,71.5,201,7.4,32,9.8,198,7.2,129,52.3,165,37.7,209,106.5,190
21,Texas Tech,B12,38.0,22,54.7,65,76.5,45,7.5,49,9.5,168,6.2,37,57.2,68,41.8,117,122.9,11
22,Northern Iowa,MVC,37.9,23,56.5,24,69.6,254,7.2,27,10.2,227,5.5,6,53.3,137,36.4,248,111.2,101
23,Purdue Fort Wayne,Horz,37.9,24,54.8,63,75.7,57,9.0,155,7.1,4,5.7,11,48.5,264,45.2,61,113.0,80
24,Holy Cross,PL,37.9,25,50.1,212,71.9,186,8.0,65,9.3,156,7.7,191,48.1,277,41.7,119,102.8,253
25,High Point,BSth,37.8,26,56.3,29,77.6,30,9.2,179,7.3,8,8.6,284,46.4,306,39.9,162,118.4,26
26,Virginia,ACC,37.8,27,49.9,220,74.1,107,8.5,107,10.3,239,6.7,67,66.5,2,42.9,94,109.9,117
27,Sam Houston St.,CUSA,37.6,28,45.6,336,72.5,165,9.2,183,10.3,242,8.6,288,51.3,191,38.4,193,109.8,121
28,Delaware,CAA,37.5,29,52.2,139,77.8,21,9.6,213,8.7,71,8.1,237,49.2,240,39.5,172,107.6,166
29,Miami OH,MAC,37.5,30,54.9,60,73.5,125,10.0,249,10.3,237,7.4,151,52.4,161,43.0,90,109.1,134
30,Ohio St.,B10,37.5,31,52.9,116,74.0,111,8.9,139,5.6,1,9.9,344,47.0,298,36.6,242,117.8,33
31,Missouri,SEC,37.5,32,55.6,43,71.9,185,10.8,289,9.1,128,6.5,58,50.2,218,42.6,97,121.9,13
32,Butler,BE,37.5,33,51.4,168,73.5,127,10.2,259,10.1,223,7.0,107,57.9,57,40.1,159,116.2,49
33,Duke,ACC,37.4,34,56.9,20,76.9,37,10.1,253,8.8,77,6.4,43,60.0,28,46.5,38,125.6,5
34,Purdue,B10,37.4,35,56.4,28,72.4,172,9.0,160,9.3,153,6.7,62,58.6,45,37.3,218,123.8,8
35,Binghamton,AE,37.4,36,49.7,229,70.1,245,11.8,329,12.1,349,7.4,149,55.2,100,37.3,221,100.8,291
36,Nevada,MWC,37.3,37,54.7,64,69.2,270,8.0,66,9.0,108,8.0,232,61.2,20,38.0,203,113.4,73
37,UT Arlington,WAC,37.3,38,49.3,249,68.1,304,10.7,285,10.7,275,8.4,267,53.2,142,41.9,114,108.8,137
38,Jacksonville,ASun,37.2,39,47.1,309,69.4,261,9.6,214,12.0,346,8.1,243,52.2,168,35.1,279,102.9,252
39,Auburn,SEC,37.2,40,56.6,22,74.1,105,7.3,31,8.9,92,4.5,2,56.0,88,40.8,141,130.7,1
41,Akron,MAC,37.2,41,54.9,61,74.0,110,8.1,75,10.4,253,6.9,98,60.0,29,47.6,22,113.4,74
42,Notre Dame,ACC,37.1,42,51.0,177,74.2,102,9.6,218,8.7,70,8.0,230,46.3,309,37.8,206,113.6,72
43,Oklahoma,SEC,37.1,43,55.4,46,80.5,8,11.3,312,10.9,292,7.0,106,53.8,127,42.7,96,119.1,22
44,Nebraska Omaha,Sum,37.1,44,50.7,184,73.0,151,8.1,72,8.5,53,8.2,246,49.8,227,38.9,182,108.8,139
45,Oregon St.,WCC,37.1,45,55.0,57,79.0,11,7.4,39,9.2,142,7.8,211,55.7,91,36.6,240,116.1,51
46,UTEP,CUSA,37.0,46,47.9,291,72.6,161,8.5,110,9.1,116,8.4,271,52.6,156,36.3,249,106.0,197
47,Princeton,Ivy,37.0,47,49.1,259,69.6,255,12.5,348,9.7,180,5.6,7,54.8,107,46.5,37,108.5,151
48,Cornell,Ivy,36.9,48,62.4,1,75.8,55,6.1,7,9.2,134,8.5,275,59.6,34,47.0,28,115.0,60
49,Little Rock,OVC,36.9,49,46.4,324,71.5,200,7.4,41,12.5,354,8.2,252,55.1,101,31.1,343,98.1,331
50,Missouri St.,MVC,36.9,50,49.4,247,65.0,349,11.9,333,10.1,222,10.6,356,49.7,229,37.2,225,102.5,260
51,BYU,B12,36.9,51,58.4,9,69.1,272,8.0,63,9.3,145,8.3,264,58.6,46,48.2,16,120.3,15
52,Maryland,B10,36.8,52,54.3,75,73.8,116,5.4,2,7.2,6,7.5,165,50.4,212,35.9,262,119.3,20
53,Canisius,MAAC,36.7,53,47.7,297,74.8,85,9.5,202,9.0,112,9.4,335,49.2,242,41.6,122,100.3,302
54,Texas,SEC,36.6,54,52.9,117,75.0,77,7.9,59,7.9,17,6.2,32,49.1,247,36.0,260,117.7,34
55,Temple,Amer,36.6,55,48.4,280,73.5,130,10.8,295,10.1,216,6.4,41,40.3,360,31.9,335,111.1,102
56,UNC Greensboro,SC,36.6,56,48.1,288,73.4,132,7.4,35,8.7,68,7.3,137,47.6,291,43.8,73,108.7,144
57,North Texas,Amer,36.6,57,50.1,210,76.9,36,9.0,158,9.7,184,7.7,192,44.8,330,37.1,227,110.9,106
58,Texas St.,SB,36.6,58,49.7,233,77.1,34,9.3,189,11.0,298,7.4,153,51.5,186,27.5,359,109.7,125
59,Santa Clara,WCC,36.5,59,55.5,45,73.2,141,10.4,271,8.5,54,8.5,281,59.0,41,46.1,45,116.3,48
60,Wisconsin,B10,36.5,60,54.9,59,84.1,1,10.3,269,7.2,5,7.4,162,55.7,92,48.1,17,123.3,9
61,Long Beach St.,BW,36.4,61,47.3,307,73.1,146,8.2,83,11.2,313,10.9,360,50.4,213,36.7,238,103.0,249
62,Montana,BSky,36.4,62,56.1,31,73.6,121,8.7,125,8.9,101,7.3,147,50.3,214,37.6,211,110.2,111
63,Baylor,B12,36.4,63,52.4,133,74.4,98,11.9,330,8.4,46,8.0,228,53.6,131,40.1,158,123.1,10
64,Columbia,Ivy,36.4,64,55.1,54,74.2,103,9.5,205,9.5,160,6.7,74,59.5,35,40.7,146,109.8,120
65,Lehigh,PL,36.4,64,49.2,255,67.5,317,8.8,134,8.7,73,6.7,70,50.7,205,38.7,186,101.8,269
66,Sacred Heart,MAAC,36.3,66,49.8,225,73.3,138,10.8,293,10.3,236,7.4,163,58.5,48,44.0,70,105.3,214
67,Michigan,B10,36.1,67,59.3,5,72.9,154,6.8,18,10.4,252,9.9,345,59.5,36,44.1,69,118.9,24
68,San Jose St.,MWC,36.1,68,48.6,276,73.9,115,8.3,90,8.1,33,8.0,227,49.7,230,39.4,176,108.8,140
69,Providence,BE,36.0,69,50.9,180,70.4,237,9.7,222,10.8,287,8.0,229,49.9,225,45.9,47,113.7,71
70,Drake,MVC,36.0,70,55.2,52,70.6,232,7.1,24,8.8,80,10.8,359,54.3,115,36.2,250,112.9,83
71,Western Illinois,OVC,36.0,71,45.1,343,69.5,257,8.1,69,9.9,199,8.4,273,38.1,363,37.3,222,97.5,336
72,Lamar,Slnd,36.0,72,44.7,349,70.8,227,8.9,136,10.8,289,7.7,188,58.4,49,32.4,331,102.9,251
73,Stonehill,NEC,36.0,73,49.8,227,71.1,214,13.6,359,10.6,269,7.7,199,62.2,11,45.3,59,101.0,284
74,Connecticut,BE,36.0,74,58.3,11,77.6,27,8.1,74,7.9,22,8.7,295,65.3,3,43.8,72,122.2,12
75,Radford,BSth,36.0,75,48.5,277,74.9,82,9.4,196,10.1,219,7.9,218,46.3,307,37.0,228,110.1,114
76,Dayton,A10,36.0,76,52.8,120,74.8,88,10.3,263,8.9,89,7.0,103,61.6,18,40.1,157,115.9,53
77,Brown,Ivy,35.9,77,50.7,186,63.8,356,11.1,301,11.0,299,7.0,115,54.4,114,42.2,107,105.4,211
78,Florida Atlantic,Amer,35.9,78,54.4,74,71.1,212,7.9,61,10.2,231,5.9,17,57.2,67,40.2,155,114.2,68
79,Washington St.,WCC,35.8,79,58.9,7,70.8,225,8.2,80,10.7,274,9.9,346,58.2,55,42.0,113,111.9,93
80,Virginia Tech,ACC,35.8,80,49.5,240,71.7,196,10.0,242,9.9,203,9.7,342,53.9,123,39.8,167,109.5,128
82,Boston College,ACC,35.7,81,47.0,311,71.4,203,7.7,52,9.0,102,8.6,285,44.0,338,32.5,329,106.9,180
83,IU Indy,Horz,35.6,82,46.2,326,74.5,95,14.9,364,9.1,113,7.7,200,52.7,152,48.5,14,107.5,170
84,USC,B10,35.6,83,55.1,56,72.7,159,8.5,109,8.9,98,7.6,182,57.6,63,34.1,300,116.7,43
85,Maine,AE,35.5,84,51.5,166,75.0,78,6.7,13,9.1,124,6.9,102,55.4,97,33.4,314,101.9,267
86,Florida Gulf Coast,ASun,35.5,85,55.3,50,69.0,273,9.0,150,9.4,158,7.0,105,51.4,187,39.7,170,108.7,143
87,Presbyterian,BSth,35.5,86,49.6,237,68.1,305,8.8,133,10.5,260,6.9,94,47.6,292,35.6,270,104.6,224
88,Dartmouth,Ivy,35.5,87,48.1,286,75.3,67,9.5,208,10.1,214,6.5,55,55.3,98,46.1,44,101.5,278
89,UC San Diego,BW,35.4,88,55.9,38,76.2,48,10.4,270,7.5,10,7.2,126,54.0,121,47.8,20,115.0,61
90,Davidson,A10,35.4,89,53.9,85,73.7,120,9.0,151,8.3,41,5.8,12,57.8,60,42.1,109,113.0,81
91,UC Irvine,BW,35.4,90,49.3,252,81.3,3,7.0,22,9.7,186,9.1,314,62.0,12,34.0,304,106.5,188
92,Jacksonville St.,CUSA,35.3,91,50.3,205,76.0,51,8.3,87,8.7,69,6.8,92,43.7,339,35.6,269,112.1,90
93,UTSA,Amer,35.3,92,46.9,313,81.8,2,12.0,335,9.8,197,6.1,31,48.7,256,43.9,71,108.2,156
94,Charleston,CAA,35.3,93,51.2,174,74.0,108,9.8,228,9.1,118,7.3,136,58.9,43,39.8,165,107.5,168
95,Arizona St.,B12,35.3,94,49.7,230,71.1,216,11.5,320,11.7,332,7.1,119,53.3,140,44.2,67,111.0,105
96,South Dakota St.,Sum,35.3,95,56.1,33,76.6,43,6.6,10,10.2,226,8.0,234,48.5,266,41.1,133,111.3,97
97,Incarnate Word,Slnd,35.3,96,51.5,163,67.7,314,8.5,106,9.5,161,7.4,160,43.3,346,36.8,236,107.0,178
98,Pittsburgh,ACC,35.3,97,53.2,107,79.3,10,8.4,95,8.0,26,6.6,60,51.3,195,41.0,134,118.3,27
99,Lipscomb,ASun,35.2,98,57.1,16,76.6,42,9.2,175,9.7,182,5.7,10,55.6,93,45.5,52,111.6,94
100,Colgate,PL,35.1,99,53.4,101,71.6,199,10.0,245,10.1,215,6.7,79,53.8,126,43.8,75,105.1,218
101,Tennessee Tech,OVC,35.1,100,48.8,271,71.2,208,9.2,174,11.4,325,6.1,30,59.8,33,45.2,60,101.6,274
102,Utah St.,MWC,35.1,101,58.9,6,68.7,286,9.1,164,10.4,246,5.9,16,63.6,6,41.3,130,119.2,21
103,Appalachian St.,SB,35.1,102,50.4,202,65.8,341,9.5,201,11.1,305,6.5,54,53.3,136,41.3,129,103.6,236
104,Southern Indiana,OVC,35.1,103,46.2,327,73.5,129,8.3,85,11.1,310,6.0,23,43.5,344,33.1,319,100.1,305
105,Bryant,AE,35.0,104,49.7,231,72.5,167,4.9,1,8.9,88,7.6,181,47.9,284,35.4,273,108.6,147
106,Niagara,MAAC,35.0,105,51.3,170,73.4,134,9.5,206,10.6,265,8.3,258,51.8,176,43.5,80,101.7,270
107,Mississippi,SEC,34.9,106,51.8,153,72.5,162,10.9,297,8.0,31,4.5,1,57.3,66,41.8,116,118.1,28
108,UNC Asheville,BSth,34.9,107,51.9,146,70.3,242,5.6,3,7.9,19,6.9,101,46.5,304,33.8,308,111.3,100
109,Mercyhurst,NEC,34.9,108,45.1,344,80.5,9,8.7,119,8.9,94,7.7,194,58.2,54,36.5,246,97.7,333
110,Toledo,MAC,34.9,109,49.4,245,74.7,90,7.8,55,8.4,49,5.2,5,46.8,302,29.1,354,112.6,85
111,Wyoming,MWC,34.9,110,49.6,235,67.2,319,9.9,235,10.6,267,9.5,336,49.1,245,41.4,126,104.3,228
112,Chattanooga,SC,34.8,111,57.7,13,76.7,40,9.4,193,8.9,100,6.4,47,60.0,30,45.1,62,113.4,75
113,Illinois Chicago,MVC,34.8,112,52.6,128,71.8,194,9.3,188,9.1,115,8.2,254,55.0,102,39.8,168,110.5,109
114,UCLA,B10,34.8,113,53.6,92,70.6,233,6.7,15,7.9,21,7.8,206,58.4,50,35.8,266,116.7,41
115,James Madison,SB,34.8,114,50.1,211,75.3,66,8.0,64,9.1,114,8.2,253,46.8,300,44.9,64,109.9,118
116,Ball St.,MAC,34.8,115,52.6,127,69.0,274,8.4,100,9.7,178,7.0,112,52.4,163,37.9,204,106.1,195
117,Wofford,SC,34.8,116,53.0,114,65.1,347,10.5,280,10.0,210,7.6,172,56.7,74,46.6,34,112.3,89
118,Northern Colorado,BSky,34.7,117,58.9,8,72.4,178,9.6,210,8.3,39,6.9,99,53.8,128,38.4,192,111.3,96
119,San Francisco,WCC,34.7,118,55.0,58,71.0,218,8.1,76,10.0,207,7.5,166,53.2,143,45.4,55,112.4,87
120,Gonzaga,WCC,34.7,119,57.4,14,80.5,7,8.9,138,7.8,15,5.8,13,61.7,15,34.9,288,124.1,7
121,North Florida,ASun,34.7,120,55.4,48,67.2,320,11.5,319,9.2,136,5.8,14,51.3,189,53.3,2,112.3,88
123,New Mexico,MWC,34.6,121,51.0,179,68.5,292,9.6,211,9.3,147,6.2,34,52.0,172,31.9,336,114.0,69
124,Montana St.,BSky,34.6,122,51.7,158,74.0,109,7.4,37,8.7,64,6.9,97,51.2,197,43.3,86,105.6,205
125,Kansas St.,B12,34.6,123,53.5,96,68.6,288,9.1,163,9.7,187,8.0,223,60.6,22,41.4,127,114.0,70
126,Drexel,CAA,34.5,124,51.7,159,68.3,301,7.9,56,11.0,300,8.1,245,48.7,258,37.4,215,103.5,238
127,Bellarmine,ASun,34.5,125,52.9,115,77.6,28,7.4,40,10.2,233,8.0,235,52.0,171,43.6,77,103.3,244
128,George Mason,A10,34.5,126,51.7,157,70.3,241,9.2,177,10.6,263,9.1,315,52.5,160,36.6,239,106.7,185
129,Texas A&M Corpus Chris,Slnd,34.5,127,52.1,140,62.2,361,12.2,342,11.3,321,6.7,65,51.0,201,28.4,358,106.2,193
130,UNLV,MWC,34.5,128,50.3,204,72.4,177,7.5,48,7.9,18,7.8,207,48.4,269,34.2,298,110.1,115
131,Indiana St.,MVC,34.5,129,56.4,26,75.3,65,11.4,315,11.6,330,8.9,308,57.5,64,50.6,6,108.0,161
132,CSUN,BW,34.5,130,51.5,164,71.1,215,7.1,26,9.8,193,8.6,289,56.2,85,31.1,345,107.4,172
133,DePaul,BE,34.5,131,52.8,119,70.2,244,11.9,331,10.7,276,7.9,216,61.7,16,47.1,27,108.3,155
134,American,PL,34.5,132,51.1,176,77.1,33,8.9,146,8.7,75,8.2,256,51.3,190,45.0,63,104.1,231
135,Gardner Webb,BSth,34.5,133,53.4,100,69.1,271,8.2,84,11.9,341,9.1,319,42.1,351,34.1,301,105.4,212
136,Idaho,BSky,34.5,134,52.5,131,74.9,83,12.0,334,10.3,241,7.8,204,50.2,217,48.3,15,108.6,149
137,Seattle,WAC,34.5,135,47.1,308,73.5,128,10.1,250,9.8,196,7.2,128,51.3,192,37.8,207,107.9,164
138,Duquesne,A10,34.4,136,46.9,314,62.3,359,10.3,261,9.0,107,8.6,291,54.4,113,42.5,99,105.3,216
139,Florida,SEC,34.4,137,55.8,40,71.4,202,9.0,156,9.1,129,6.4,51,52.5,158,42.9,92,125.6,4
140,Creighton,BE,34.4,138,60.4,4,75.4,63,9.8,231,12.0,344,6.3,39,62.7,8,49.7,9,116.3,47
141,Alabama,SEC,34.4,139,60.8,2,71.3,204,12.1,340,10.4,255,7.2,134,55.5,95,47.0,31,127.0,2
142,Southern Illinois,MVC,34.4,140,50.3,207,69.6,256,9.3,187,10.7,278,8.4,266,53.1,144,33.9,306,105.8,200
143,Saint Francis,NEC,34.4,141,51.2,173,73.4,133,10.0,243,12.6,356,7.9,214,52.5,159,42.6,98,100.0,311
144,Eastern Kentucky,ASun,34.3,142,47.5,302,78.1,16,9.7,223,8.1,32,5.9,18,45.8,316,42.4,102,110.8,107
145,Monmouth,CAA,34.3,143,43.7,355,75.0,78,9.4,197,9.5,163,7.2,133,46.0,313,34.1,302,102.7,256
146,Ohio,MAC,34.2,144,54.5,69,77.6,24,8.8,131,9.6,170,6.2,36,50.5,209,40.7,142,107.0,177
147,Georgia Southern,SB,34.2,145,49.9,223,64.3,353,12.1,337,10.3,238,9.3,330,48.8,251,44.5,65,102.6,258
148,Oral Roberts,Sum,34.2,146,50.4,200,74.8,87,10.8,288,8.9,96,8.4,269,41.0,357,45.3,57,104.5,225
149,East Tennessee St.,SC,34.2,147,48.9,266,66.6,330,10.5,279,8.8,81,7.5,171,51.1,199,42.9,93,108.0,162
150,Kansas,B12,34.2,148,54.5,70,71.9,188,8.4,94,9.8,189,6.3,40,61.0,21,33.0,320,116.9,40
151,Iowa St.,B12,34.1,149,55.7,41,74.6,92,8.7,124,9.8,194,6.0,21,52.6,155,35.1,282,119.8,18
152,Bucknell,PL,34.1,150,53.3,105,65.8,342,9.2,178,10.9,294,8.2,247,51.7,179,42.3,103,101.0,286
153,UCF,B12,34.1,151,47.8,294,77.6,23,9.6,216,9.7,185,6.8,88,53.4,133,40.6,148,116.1,50
154,Nicholls,Slnd,34.0,152,45.1,341,70.7,228,11.5,318,9.6,177,5.7,9,41.3,356,36.8,234,106.2,194
155,Saint Mary's,WCC,34.0,153,52.0,145,68.6,291,6.9,20,8.3,42,6.8,87,59.1,39,33.7,309,117.2,38
156,Rice,Amer,34.0,154,48.1,287,68.7,287,8.8,132,11.6,329,7.3,142,51.5,185,40.3,153,107.1,176
157,UNC Wilmington,CAA,33.9,155,52.3,135,73.0,149,10.4,277,8.6,60,7.7,193,54.8,106,37.0,231,111.4,95
158,Cal Poly,BW,33.9,156,56.0,35,75.6,61,11.1,302,13.4,360,8.5,274,53.8,124,51.0,4,106.9,182
159,Southeast Missouri,OVC,33.9,157,50.7,187,71.9,191,7.4,42,8.0,27,7.5,164,47.9,283,35.1,281,103.0,248
160,Robert Morris,Horz,33.9,158,49.5,243,72.5,169,8.8,130,10.3,240,8.7,296,57.9,58,36.5,243,105.3,215
161,Coastal Carolina,SB,33.9,159,49.1,260,68.9,280,11.1,303,10.2,234,8.6,290,48.4,270,39.8,169,99.9,312
162,Arkansas,SEC,33.9,160,54.0,83,73.7,119,7.1,25,9.1,121,6.9,93,52.9,150,37.1,226,113.0,82
164,Georgia Tech,ACC,33.8,161,50.5,193,65.8,340,8.2,81,9.1,119,7.6,180,55.2,99,36.6,241,108.2,158
165,Utah,B12,33.8,162,55.3,51,62.0,362,13.2,357,10.7,279,7.4,157,67.3,1,43.7,76,112.0,92
166,Loyola Chicago,A10,33.8,163,54.0,84,66.8,326,9.8,232,10.0,212,8.5,279,59.5,38,41.8,118,106.9,183
167,Tennessee,SEC,33.8,164,53.6,95,75.1,75,9.4,191,9.2,132,7.6,174,60.5,24,43.0,91,117.2,39
168,Tarleton St.,WAC,33.8,165,44.9,346,74.4,96,11.4,317,12.4,353,13.2,364,45.1,324,26.5,361,95.3,349
169,Florida A&M,SWAC,33.8,166,47.4,304,71.9,189,11.5,323,12.6,357,9.8,343,52.2,167,46.9,32,98.4,327
170,Northwestern,B10,33.7,167,50.2,209,73.0,148,8.3,89,7.7,13,6.6,59,54.7,111,34.2,297,114.8,62
171,William & Mary,CAA,33.7,168,57.0,19,73.6,122,10.6,281,9.3,151,8.2,248,61.8,14,51.7,3,108.8,136
172,UAB,Amer,33.7,169,51.8,155,75.3,68,7.4,36,8.6,63,6.0,22,53.1,145,30.0,350,116.4,46
173,Air Force,MWC,33.7,170,50.1,214,63.8,355,11.9,332,10.2,229,10.6,355,61.8,13,47.1,25,99.7,315
174,Manhattan,MAAC,33.7,171,49.8,226,76.6,44,10.8,290,10.4,254,6.6,61,54.9,105,42.2,105,107.4,171
175,Saint Peter's,MAAC,33.7,172,43.1,359,70.5,235,12.2,346,10.8,286,11.4,362,47.9,282,39.8,166,96.5,344
176,Marist,MAAC,33.6,173,53.9,86,68.3,300,6.9,21,10.2,230,7.9,220,54.7,109,38.1,199,100.1,304
177,Army,PL,33.6,174,52.7,122,65.6,343,9.0,153,8.4,51,6.1,28,52.1,170,41.5,125,103.7,235
178,Rhode Island,A10,33.6,175,52.5,130,70.4,239,12.1,338,10.9,295,6.9,95,51.8,177,36.4,247,108.6,150
179,Louisiana Tech,CUSA,33.6,176,55.9,37,75.1,71,8.1,78,11.2,314,8.6,283,58.8,44,42.2,106,110.1,113
180,Georgia St.,SB,33.6,177,49.0,263,68.0,308,9.5,200,10.1,220,7.4,148,47.6,290,34.9,286,104.7,223
181,Penn St.,B10,33.6,178,55.4,47,74.6,93,8.4,99,10.0,211,7.1,118,56.8,72,36.0,260,114.4,65
182,Northeastern,CAA,33.5,179,52.1,141,68.9,278,10.0,244,10.9,291,8.3,261,49.3,237,34.0,303,105.4,210
183,SIUE,OVC,33.5,179,47.5,303,66.2,335,8.0,62,9.1,131,7.7,186,51.1,200,37.0,230,100.5,296
184,Bowling Green,MAC,33.5,181,49.5,239,75.2,70,11.7,326,8.8,84,8.0,236,43.7,340,40.7,144,101.2,282
185,Murray St.,MVC,33.5,182,50.5,192,70.7,229,9.5,204,9.1,130,8.4,270,48.6,263,39.5,171,107.3,173
186,Lafayette,PL,33.5,183,49.0,264,68.4,296,6.4,8,9.8,195,7.2,122,57.6,62,39.9,164,97.9,332
187,Alcorn St.,SWAC,33.5,184,43.1,360,72.0,184,11.5,322,11.1,311,10.3,352,46.6,303,32.3,332,97.5,335
188,Longwood,BSth,33.5,185,51.5,165,73.0,147,7.4,34,9.4,159,7.8,201,48.6,262,34.4,293,107.9,163
189,Siena,MAAC,33.5,186,49.6,238,72.4,170,10.0,247,10.6,264,7.8,210,48.1,278,41.0,135,102.4,262
190,Oregon,B10,33.5,187,53.5,98,76.1,50,8.5,104,8.7,65,7.6,176,55.4,96,39.1,178,117.3,37
191,Green Bay,Horz,33.4,188,53.5,97,78.8,12,13.1,355,10.5,257,8.8,303,56.8,71,47.2,23,100.9,287
192,McNeese,Slnd,33.4,189,53.4,99,71.0,217,8.7,123,10.0,206,7.2,124,49.4,233,37.3,217,112.4,86
193,Saint Joseph's,A10,33.4,190,53.2,108,75.4,64,8.9,137,9.6,175,7.3,143,58.2,53,45.4,56,109.7,122
194,Eastern Michigan,MAC,33.3,191,52.7,124,71.8,193,8.9,148,10.5,261,8.3,263,48.8,252,38.2,198,102.4,264
195,Saint Louis,A10,33.3,191,60.8,3,68.1,307,11.8,328,11.1,306,8.0,233,56.5,76,49.2,12,109.2,132
196,Texas Southern,SWAC,33.3,191,44.0,350,72.9,156,10.3,264,10.5,258,8.2,249,53.3,138,34.1,299,97.3,337
197,Queens,ASun,33.3,194,53.7,91,66.9,323,10.7,286,11.0,303,7.5,169,60.0,31,46.2,41,106.0,198
198,Stanford,ACC,33.3,195,52.1,143,78.2,15,7.5,47,8.2,34,7.6,178,53.8,125,41.2,131,114.3,66
199,Western Kentucky,CUSA,33.3,196,49.1,258,73.7,117,12.2,341,10.1,217,6.1,26,43.4,345,40.0,161,105.5,208
200,North Alabama,ASun,33.3,197,51.6,160,70.0,247,8.7,126,7.1,3,5.9,20,44.1,337,37.0,229,111.3,99
201,Stetson,ASun,33.3,198,49.7,232,73.3,140,8.3,88,11.8,336,7.7,198,45.8,317,38.5,191,100.0,310
202,Weber St.,BSky,33.3,199,50.7,188,68.4,295,9.6,215,9.3,152,8.5,280,43.2,347,38.0,200,102.6,259
203,Furman,SC,33.2,200,54.1,80,67.6,316,11.2,306,10.8,282,6.1,29,63.9,5,50.8,5,108.6,148
205,Kansas City,Sum,33.2,201,47.7,296,78.3,14,8.6,117,9.0,103,9.3,332,48.7,254,46.0,46,102.1,266
206,Colorado,B12,33.2,202,52.1,142,75.6,60,9.6,209,12.0,347,9.3,331,60.5,23,37.9,205,108.1,160
207,Detroit Mercy,Horz,33.2,203,42.7,362,74.1,104,9.5,207,10.0,213,8.6,293,43.5,342,27.1,360,95.4,348
208,North Carolina Central,MEAC,33.2,204,49.6,234,71.3,205,8.6,115,8.2,35,10.5,354,52.9,149,32.9,322,104.4,226
209,Merrimack,MAAC,33.2,205,49.0,265,73.6,123,8.9,140,8.4,52,6.1,25,49.0,248,42.3,104,100.1,307
210,Portland St.,BSky,33.2,205,51.8,150,63.8,357,8.5,103,9.5,166,9.3,328,48.2,274,30.6,346,103.1,247
211,Northern Arizona,BSky,33.1,207,50.1,216,66.5,333,8.9,143,8.2,36,6.8,91,54.7,110,39.0,180,105.1,219
212,Cincinnati,B12,33.1,208,53.3,103,65.9,338,8.6,114,8.5,58,6.7,76,52.4,162,37.8,208,110.7,108
213,Nebraska,B10,33.1,209,54.2,77,74.8,86,9.3,186,8.3,40,8.3,259,52.7,151,38.3,194,115.1,59
214,West Virginia,B12,33.1,210,51.9,148,73.2,144,9.3,185,8.2,38,7.8,205,56.5,76,46.6,35,111.1,104
215,Washington,B10,33.0,211,50.5,197,68.9,282,12.8,353,9.3,149,8.3,260,50.2,216,35.6,271,109.7,123
216,Navy,PL,33.0,212,46.4,323,73.4,136,10.2,258,9.1,123,7.4,156,53.0,146,38.8,183,102.4,263
217,Cleveland St.,Horz,33.0,213,49.4,246,71.7,197,11.4,314,10.4,256,8.1,244,51.6,182,32.8,324,105.6,206
218,Wagner,NEC,33.0,214,39.7,364,72.3,180,9.8,230,10.6,268,8.9,309,56.4,79,37.0,232,93.5,361
219,VCU,A10,33.0,215,54.5,71,73.0,152,7.7,53,9.5,165,7.2,131,56.5,78,47.1,26,114.3,67
220,Fordham,A10,33.0,216,49.4,248,73.6,124,9.6,217,9.8,190,8.8,297,53.4,132,41.7,120,106.5,189
221,Oklahoma St.,B12,33.0,217,48.5,278,72.5,168,11.3,307,10.9,290,8.3,262,52.0,173,35.7,267,108.8,141
222,South Florida,Amer,33.0,218,53.1,112,72.4,176,9.2,181,9.6,169,7.2,130,54.2,119,39.5,173,105.7,202
223,St. Bonaventure,A10,32.9,219,52.2,138,72.5,164,9.4,195,9.2,143,7.3,135,42.4,349,35.2,278,108.7,142
224,Prairie View A&M,SWAC,32.9,220,48.7,272,71.0,221,9.0,159,8.3,44,8.3,265,47.7,288,33.3,316,99.5,317
225,Rutgers,B10,32.9,221,50.4,199,71.0,219,8.8,135,7.9,25,7.3,139,49.1,246,36.0,254,115.3,57
226,Jackson St.,SWAC,32.9,222,43.9,352,72.4,173,9.8,229,12.5,355,7.6,177,48.4,268,35.4,274,100.1,306
227,Minnesota,B10,32.9,223,51.6,162,65.2,346,9.7,220,8.4,48,7.6,183,62.4,10,36.0,256,111.1,103
228,Houston Christian,Slnd,32.8,224,50.7,185,71.3,206,10.9,298,11.3,322,6.8,84,45.7,318,43.6,78,103.9,233
229,Denver,Sum,32.8,225,50.6,191,72.9,157,8.3,92,8.8,87,9.0,310,45.0,326,38.3,195,99.2,323
230,Alabama St.,SWAC,32.8,226,46.0,331,68.5,294,8.9,144,7.8,14,5.6,8,44.6,331,43.3,85,103.4,239
231,Loyola Marymount,WCC,32.8,227,50.4,201,70.3,240,5.9,5,8.3,43,8.0,231,51.4,188,40.7,145,104.0,232
232,Colorado St.,MWC,32.8,228,56.4,25,78.4,13,9.0,152,9.2,140,8.2,257,62.6,9,43.6,79,113.2,77
233,Penn,Ivy,32.8,229,47.6,300,66.9,325,10.3,268,8.7,67,7.9,213,57.1,69,46.1,42,103.4,241
234,UC Riverside,BW,32.7,230,48.4,281,74.9,81,9.7,221,8.4,50,8.2,250,48.2,275,42.5,100,108.2,157
235,Campbell,CAA,32.7,231,51.7,156,76.3,47,9.5,202,8.7,72,6.7,71,56.1,86,43.8,74,103.4,242
236,Mount St. Mary's,MAAC,32.7,232,50.3,208,72.6,160,9.1,171,13.5,362,8.1,241,61.3,19,40.9,137,100.0,309
237,Pepperdine,WCC,32.6,233,49.0,262,71.2,209,8.7,128,9.7,183,7.4,155,59.8,32,33.6,311,103.7,234
238,Mercer,SC,32.6,234,50.9,181,64.9,350,9.1,167,10.3,235,6.4,42,46.0,314,40.8,140,103.0,250
239,Hofstra,CAA,32.6,235,48.8,270,72.4,171,9.2,182,9.3,148,8.5,276,55.5,94,42.0,112,100.5,295
240,Tulane,Amer,32.6,236,51.9,147,75.9,52,9.8,233,9.1,117,7.3,145,58.0,56,41.3,128,106.7,184
241,Boston University,PL,32.5,237,50.8,183,65.6,344,9.9,236,11.5,326,9.3,329,50.2,215,42.8,95,99.4,320
242,Northwestern St.,Slnd,32.5,238,46.1,328,68.6,290,12.2,343,10.6,266,9.7,340,53.3,139,33.9,307,100.4,299
243,Georgia,SEC,32.5,239,53.8,87,71.2,210,10.3,260,12.0,343,7.3,144,49.6,231,36.8,235,113.2,78
244,Loyola MD,PL,32.5,240,50.5,195,70.6,230,7.4,33,10.7,280,7.0,104,53.9,122,38.3,196,101.0,285
246,Vanderbilt,SEC,32.5,240,54.8,62,74.6,91,10.5,278,8.0,29,6.4,44,49.1,244,39.9,163,117.5,35
247,Delaware St.,MEAC,32.5,242,46.7,316,72.3,179,7.0,23,8.9,97,8.8,298,44.9,327,20.8,364,100.4,298
248,Florida St.,ACC,32.4,243,52.7,123,72.5,163,6.8,16,8.8,76,8.9,307,52.3,166,33.6,310,109.8,119
249,Grambling St.,SWAC,32.3,244,47.5,301,70.5,236,11.5,321,11.9,342,8.6,287,48.6,260,35.4,272,96.5,345
250,South Carolina,SEC,32.3,244,49.8,224,69.4,262,13.4,358,11.9,338,7.3,138,56.3,81,39.3,177,108.7,145
251,Boise St.,MWC,32.3,246,57.2,15,77.6,26,10.1,255,7.8,16,9.0,312,56.5,75,40.9,138,116.7,42
252,North Carolina,ACC,32.3,247,55.1,55,73.7,118,10.4,276,8.5,56,6.7,75,49.8,228,36.0,255,116.0,52
253,Southeastern Louisiana,Slnd,32.3,248,50.1,213,74.7,89,10.6,282,9.5,167,9.2,324,46.4,305,31.3,341,103.2,246
254,Middle Tennessee,CUSA,32.3,249,52.3,136,68.1,306,9.9,237,9.3,154,7.4,152,45.5,321,37.6,212,108.4,153
255,Miami FL,ACC,32.2,250,56.2,30,76.7,39,8.1,70,8.8,86,6.7,68,45.5,322,39.0,181,115.7,54
256,South Alabama,SB,32.2,251,53.7,90,69.0,275,10.7,284,9.0,111,6.1,27,59.5,37,49.4,11,106.1,196
257,Milwaukee,Horz,32.2,252,52.6,129,67.4,318,10.3,267,10.7,271,9.9,347,46.3,308,31.1,342,107.0,179
258,Idaho St.,BSky,32.2,253,47.7,298,73.9,114,11.4,313,9.0,110,8.4,272,50.0,220,37.6,210,105.6,204
259,UMass Lowell,AE,32.2,254,54.6,67,77.8,21,9.7,224,10.4,249,6.8,86,51.9,174,34.3,294,108.8,135
260,San Diego St.,MWC,32.2,255,49.5,242,68.4,298,8.6,112,9.1,122,7.9,219,48.7,257,38.0,201,109.3,130
261,Eastern Washington,BSky,32.2,256,52.8,118,75.7,56,9.0,154,11.8,334,7.2,120,50.8,202,38.0,202,103.4,240
262,Stony Brook,CAA,32.2,257,46.4,322,74.9,84,11.2,305,11.3,323,7.5,168,48.6,261,38.7,187,102.7,257
263,Louisville,ACC,32.2,258,56.5,23,73.5,131,9.9,237,8.8,82,7.0,109,53.2,141,50.3,7,118.6,25
264,Fairleigh Dickinson,NEC,32.1,259,49.2,254,69.7,253,8.9,142,9.0,105,7.8,208,52.7,153,40.5,150,99.5,318
265,Utah Valley,WAC,32.1,260,50.9,182,69.2,268,9.4,198,10.2,228,6.7,63,58.3,51,31.4,339,105.7,203
266,Marquette,BE,32.1,261,54.0,82,72.9,153,8.6,118,7.9,23,5.0,3,49.2,239,45.6,50,118.0,30
267,Syracuse,ACC,32.1,262,51.8,152,69.3,264,8.3,90,11.1,312,6.4,45,48.9,250,33.2,317,109.2,131
268,Arkansas St.,SB,32.1,263,49.3,251,72.9,155,10.4,273,8.4,47,6.5,57,47.9,281,43.3,84,110.4,110
269,Morgan St.,MEAC,32.0,264,50.6,190,69.3,267,7.4,38,10.8,285,7.2,127,44.3,334,21.6,363,103.3,243
270,North Dakota,Sum,32.0,265,49.9,221,69.9,248,10.0,246,9.5,162,6.8,89,42.7,348,40.3,154,109.5,127
271,Louisiana,SB,32.0,266,45.2,339,74.3,101,10.4,272,9.1,125,6.8,82,46.9,299,39.5,174,100.4,300
272,Grand Canyon,WAC,32.0,267,51.0,178,73.4,135,9.0,162,9.0,109,9.3,327,52.3,164,34.4,291,107.6,167
273,New Hampshire,AE,32.0,268,46.5,321,66.0,337,12.4,347,10.4,251,8.8,304,47.0,297,40.6,147,94.6,356
274,Indiana,B10,32.0,269,53.3,102,71.9,192,7.9,60,9.9,202,7.4,150,56.7,73,32.6,327,114.7,63
275,Hawaii,BW,32.0,270,54.6,66,73.3,137,8.4,97,11.3,324,9.5,337,49.3,235,37.5,214,104.9,221
276,Seton Hall,BE,32.0,271,43.7,354,67.0,322,10.9,296,10.7,277,9.0,311,49.9,226,31.1,344,100.9,289
277,Utah Tech,WAC,31.9,272,48.6,274,68.3,299,12.2,344,11.2,320,6.8,80,54.9,103,40.5,151,101.8,268
278,Austin Peay,ASun,31.9,273,45.8,333,69.4,259,14.4,362,8.8,78,6.7,64,48.9,249,41.5,124,99.3,322
279,Portland,WCC,31.9,274,47.9,292,77.6,25,9.4,193,11.2,315,8.1,238,61.7,17,44.3,66,102.7,255
280,Towson,CAA,31.9,275,45.5,337,68.0,311,8.6,116,8.5,57,6.2,35,40.6,358,36.9,233,104.9,220
281,Fresno St.,MWC,31.9,276,45.9,332,69.3,265,9.6,212,9.1,120,8.8,301,45.8,315,35.8,264,101.5,279
282,N.C. State,ACC,31.9,277,48.9,268,71.9,190,8.5,102,7.4,9,6.8,83,48.7,255,32.5,330,109.1,133
283,Northern Illinois,MAC,31.9,278,45.2,338,71.1,213,9.1,168,9.2,133,6.9,96,51.6,183,47.1,24,94.6,355
284,Fairfield,MAAC,31.9,279,43.8,353,74.3,100,10.3,266,8.8,83,6.5,56,51.8,175,38.7,185,101.3,280
285,VMI,SC,31.8,280,49.1,261,76.8,38,11.1,300,10.0,209,7.3,141,50.6,206,46.1,43,101.6,271
287,Southern Utah,WAC,31.8,281,49.1,257,72.7,158,8.1,71,13.1,358,9.2,323,48.5,267,33.6,312,100.4,297
288,Arizona,B12,31.8,282,55.6,42,77.2,32,6.5,9,9.3,150,7.3,146,57.9,59,34.6,290,120.1,17
289,Northern Kentucky,Horz,31.7,283,48.7,273,66.6,331,9.2,180,9.9,205,8.2,255,55.9,89,40.6,149,100.9,288
290,Mississippi St.,SEC,31.7,284,56.0,34,67.9,313,9.1,170,9.0,104,6.2,33,54.3,117,41.8,115,119.0,23
291,California,ACC,31.6,285,48.8,269,75.6,59,10.9,299,9.6,171,7.0,114,41.9,353,38.5,189,112.0,91
292,UC Davis,BW,31.6,286,45.1,340,74.3,99,7.3,30,10.1,218,10.2,350,46.8,301,35.1,283,96.8,341
293,Illinois,B10,31.6,287,57.1,16,75.9,54,9.1,172,8.6,61,7.6,184,51.2,196,46.9,33,121.4,14
294,Marshall,SB,31.6,288,51.3,169,69.0,277,8.9,144,9.0,106,7.9,217,51.7,180,40.0,160,106.3,191
295,Morehead St.,OVC,31.5,289,46.3,325,66.9,324,9.1,173,10.4,250,8.4,268,48.0,280,32.6,328,99.8,314
296,Le Moyne,NEC,31.5,290,53.1,110,70.2,243,8.6,113,10.2,224,9.2,325,54.9,104,40.8,139,100.3,301
297,South Dakota,Sum,31.5,291,52.6,126,69.8,251,8.7,120,6.5,2,6.7,69,39.1,362,36.0,257,110.1,116
298,East Texas A&M,Slnd,31.5,292,51.3,170,63.1,358,13.1,356,14.2,363,9.4,334,60.1,27,49.0,13,96.7,342
299,Eastern Illinois,OVC,31.4,293,43.0,361,66.7,327,12.1,339,9.3,146,9.2,322,44.8,329,29.5,353,94.0,360
300,New Mexico St.,CUSA,31.3,294,46.6,317,68.7,285,10.3,262,8.9,99,7.7,190,46.2,310,38.3,197,104.1,230
301,Norfolk St.,MEAC,31.3,295,54.5,73,76.2,49,9.9,239,10.1,221,8.5,277,47.7,287,30.1,349,108.5,152
302,Bethune Cookman,SWAC,31.3,296,48.3,283,68.4,297,10.8,287,10.7,270,8.6,282,48.3,272,33.6,313,98.4,328
303,Harvard,Ivy,31.2,297,51.6,161,74.5,94,10.6,283,10.9,297,7.5,170,53.7,129,41.0,136,100.5,294
304,Texas A&M,SEC,31.2,298,49.2,253,68.3,302,14.1,361,11.2,319,6.7,72,47.5,293,37.4,216,117.3,36
305,La Salle,A10,31.2,299,45.7,335,70.8,224,8.4,93,8.7,74,6.4,46,44.5,332,32.7,325,104.2,229
306,Louisiana Monroe,SB,31.1,300,43.3,357,69.4,259,10.4,274,10.9,293,6.7,78,52.9,148,35.8,265,96.1,346
307,Vermont,AE,31.1,301,46.8,315,73.1,145,10.8,294,9.6,172,8.0,225,49.2,243,43.4,82,97.6,334
308,South Carolina St.,MEAC,31.1,302,50.1,215,65.9,339,8.4,96,10.5,259,9.2,320,51.8,178,32.7,326,101.5,276
309,Charleston Southern,BSth,31.1,303,50.3,206,65.0,348,11.6,324,10.3,243,8.8,306,48.3,271,41.6,121,101.3,281
310,LSU,SEC,31.0,304,56.4,27,74.1,105,8.9,141,11.9,340,7.7,197,48.7,253,42.2,108,110.2,112
311,Southern,SWAC,30.9,305,48.1,290,64.2,354,12.5,348,10.4,247,8.1,242,50.5,210,34.3,296,100.8,292
312,Elon,CAA,30.9,306,50.7,189,75.0,80,8.8,129,11.0,302,7.6,173,48.5,265,41.2,132,107.8,165
313,Hampton,CAA,30.9,307,47.1,310,73.0,150,8.1,77,9.1,126,7.4,154,41.9,352,37.2,223,103.3,245
314,Tennessee St.,OVC,30.8,308,53.0,113,67.7,315,7.7,51,10.7,273,10.3,351,46.1,312,32.9,323,102.3,265
315,New Orleans,Slnd,30.8,309,46.5,319,66.5,332,11.4,316,11.1,304,7.8,202,49.9,224,31.6,338,99.8,313
316,Winthrop,BSth,30.8,310,55.6,44,66.7,328,11.7,327,9.2,141,8.0,222,40.3,359,37.3,219,108.7,146
317,Tulsa,Amer,30.7,311,50.3,203,66.3,334,12.9,354,10.3,245,7.0,110,53.4,134,43.2,88,101.1,283
318,Alabama A&M,SWAC,30.7,312,44.0,351,67.1,321,8.0,67,12.1,348,9.7,339,53.0,147,41.6,123,95.1,351
319,Richmond,A10,30.7,313,50.5,198,80.6,6,8.9,147,9.2,139,6.4,50,51.6,184,46.6,36,104.4,227
320,UT Rio Grande Valley,Slnd,30.7,314,56.0,36,69.9,250,6.8,17,10.0,208,9.0,313,55.9,90,49.9,8,105.3,213
321,Valparaiso,MVC,30.7,315,47.7,299,77.8,20,8.5,105,8.8,85,5.8,15,42.1,350,38.7,184,105.5,209
322,Iona,MAAC,30.7,316,46.1,329,69.4,258,11.3,310,10.3,244,11.4,363,53.4,135,34.3,295,98.2,330
323,The Citadel,SC,30.7,317,49.5,244,60.5,363,11.1,304,12.2,351,8.6,286,54.3,115,47.0,30,95.0,353
324,TCU,B12,30.7,318,48.1,285,64.3,352,9.1,165,8.9,91,8.0,226,51.2,198,35.2,277,106.6,187
325,Georgetown,BE,30.5,319,52.7,121,70.6,231,9.0,161,11.6,331,7.3,140,54.5,112,34.9,287,106.6,186
326,Central Connecticut,NEC,30.5,320,54.2,79,71.7,195,6.0,6,9.8,191,7.1,117,50.7,204,34.0,305,101.6,272
328,Troy,SB,30.5,321,54.5,68,71.9,187,10.1,254,12.2,352,9.1,318,57.1,70,45.5,53,107.2,174
329,Sacramento St.,BSky,30.5,322,48.5,279,69.2,269,9.9,241,11.9,337,8.8,302,50.4,211,45.4,54,96.0,347
330,FIU,CUSA,30.5,323,48.9,267,69.9,249,8.2,82,11.9,339,8.1,240,48.7,259,28.9,355,98.8,326
331,North Carolina A&T,CAA,30.4,324,46.6,318,68.5,293,8.7,121,7.6,12,6.5,53,43.7,341,35.8,263,100.1,308
332,LIU,NEC,30.4,325,48.4,282,71.2,207,11.3,311,11.1,309,9.1,317,45.3,323,33.2,318,94.9,354
333,Charlotte,Amer,30.4,326,49.9,219,75.1,73,10.1,251,7.9,24,6.4,48,52.5,157,40.2,156,105.2,217
334,Tennessee Martin,OVC,30.4,327,47.4,306,71.0,220,14.7,363,11.5,328,7.8,209,49.3,236,47.9,18,100.8,290
335,Southern Miss,SB,30.3,328,49.3,250,69.3,266,9.9,240,11.7,333,8.1,239,57.7,61,36.1,251,99.5,316
336,Arkansas Pine Bluff,SWAC,30.3,329,53.1,111,60.1,364,9.0,149,13.3,359,7.2,123,49.4,234,39.0,179,97.2,339
337,Central Michigan,MAC,30.2,330,51.8,151,72.3,181,9.2,176,9.6,173,8.8,300,50.0,220,35.6,268,105.6,207
338,Evansville,MVC,30.2,331,50.5,194,69.4,263,7.2,28,10.8,284,6.8,81,54.8,108,42.1,111,99.0,325
339,Youngstown St.,Horz,30.1,332,52.2,137,73.5,126,8.7,127,9.7,181,7.7,189,50.1,219,46.4,39,101.6,273
340,Cal Baptist,WAC,30.0,333,50.5,196,74.4,97,8.5,111,8.9,90,7.7,195,44.8,328,34.7,289,108.8,138
341,Rider,MAAC,29.9,334,47.4,305,70.8,223,8.7,122,9.9,204,8.0,224,50.0,220,29.6,352,100.3,303
342,NJIT,AE,29.9,335,44.9,348,73.3,139,10.2,257,8.5,55,9.9,348,44.2,335,37.5,213,94.4,357
343,Abilene Christian,WAC,29.8,336,48.1,289,70.8,226,10.8,290,11.5,327,9.1,316,50.5,208,25.7,362,99.4,319
344,George Washington,A10,29.8,337,54.3,76,70.4,238,12.6,350,11.8,335,6.8,85,56.4,80,43.5,81,105.9,199
345,Buffalo,MAC,29.8,338,51.4,167,70.0,246,11.3,308,11.1,307,7.9,215,54.2,118,45.6,51,97.0,340
346,Wichita St.,Amer,29.6,339,51.3,172,72.2,182,10.1,255,9.5,164,6.3,38,45.5,319,28.5,356,108.1,159
347,Albany,AE,29.6,340,51.1,175,74.0,112,12.2,345,8.4,45,7.4,158,43.5,343,35.4,275,102.8,254
348,Chicago St.,NEC,29.5,341,43.4,356,68.9,278,9.4,192,10.2,225,9.3,326,47.8,286,40.7,143,91.5,362
349,Pacific,WCC,29.5,342,49.8,228,72.5,166,9.1,169,9.9,201,9.2,321,50.6,207,38.5,190,101.5,275
350,Quinnipiac,MAAC,29.4,343,50.0,218,75.7,58,12.1,336,10.6,262,7.0,111,50.0,220,38.6,188,102.5,261
351,Central Arkansas,ASun,29.3,344,47.7,295,68.7,284,12.6,351,11.0,301,7.0,113,57.4,65,47.9,19,96.6,343
352,Kent St.,MAC,29.3,345,49.1,256,75.9,53,9.3,184,9.3,155,7.8,203,48.3,273,40.3,152,103.5,237
353,East Carolina,Amer,29.2,346,50.1,217,71.7,198,7.9,58,8.7,66,7.2,132,48.1,279,35.0,284,107.5,169
354,St. John's,BE,29.1,347,51.9,149,68.9,281,8.4,98,9.3,157,6.4,49,52.1,169,30.4,347,112.9,84
355,Oakland,Horz,29.0,348,51.8,154,68.8,283,10.0,248,9.7,179,8.6,292,47.1,296,43.2,87,106.9,181
356,West Georgia,ASun,29.0,349,48.2,284,68.0,309,7.5,44,10.4,248,5.9,19,49.2,241,30.2,348,98.3,329
357,Wake Forest,ACC,29.0,350,54.5,72,75.1,72,6.7,12,9.6,176,7.5,167,46.2,311,36.5,244,108.3,154
358,Michigan St.,B10,28.8,351,55.3,49,81.0,4,7.7,54,9.2,144,8.2,251,64.9,4,33.0,321,118.1,29
359,Massachusetts,A10,28.7,352,47.9,293,66.7,328,8.3,86,8.8,79,7.6,185,47.8,285,31.9,337,104.9,222
360,San Diego,WCC,28.7,353,46.0,330,75.1,76,9.7,219,9.6,174,9.4,333,45.5,320,36.5,245,99.1,324
361,USC Upstate,BSth,28.5,354,53.6,93,68.6,289,7.5,45,10.8,281,8.8,299,48.1,276,36.1,252,99.3,321
362,Western Carolina,SC,28.4,355,44.9,345,73.9,113,9.5,199,11.2,316,8.6,294,47.4,294,49.7,10,94.2,358
363,Maryland Eastern Shore,MEAC,28.4,356,45.1,342,65.5,345,8.2,79,10.7,272,8.5,278,41.5,355,36.7,237,95.1,352
364,Kennesaw St.,CUSA,28.3,357,52.4,134,72.4,174,10.8,292,12.0,345,8.0,221,47.7,289,44.1,68,105.7,201
365,Stephen F. Austin,Slnd,27.8,358,49.5,241,62.2,360,9.8,225,13.4,361,10.1,349,52.6,154,36.0,259,95.1,350
366,Old Dominion,SB,27.6,359,45.8,334,70.5,234,9.0,157,9.9,200,7.4,159,45.1,325,35.0,285,101.5,277
367,Cal St. Fullerton,BW,27.3,360,46.5,320,75.5,62,9.1,165,11.2,317,9.7,341,41.8,354,33.3,315,97.3,338
368,Lindenwood,OVC,26.9,361,47.0,312,68.0,310,11.7,325,10.9,296,7.7,196,44.4,333,36.1,253,94.1,359
369,Coppin St.,MEAC,26.8,362,43.2,358,66.1,336,13.7,360,10.8,288,10.7,357,49.3,238,32.0,334,87.7,363
370,Western Michigan,MAC,26.3,363,48.6,275,68.0,312,11.3,309,8.0,28,7.8,212,44.1,336,31.3,340,100.6,293
371,Mississippi Valley St.,SWAC,25.8,364,41.4,363,69.0,276,10.4,275,14.8,364,10.3,353,40.0,361,29.7,351,83.8,364
